,time,fwd,turn,oL,oR
1456762607,0.00,(0.0, 0.0),(0.0, 0.0)
1456762607,0.06,(127, 127),(0, 0)
1456762607,0.12,(167.0, 127),(0.0, 0.0)
1456762608,0.18,(167.0, 127),(0.0, 0.0)
1456762608,0.24,(167.0, 87.0),(0.0, 0.0)
1456762608,0.30,(167.0, 87.0),(0.0, 0.0)
1456762608,0.36,(167.0, 87.0),(0.0, 0.0)
1456762608,0.42,(167.0, 87.0),(0.0, 0.0)
1456762608,0.48,(167.0, 87.0),(0.0, 0.0)
1456762608,0.54,(167.0, 87.0),(0.0, 0.0)
1456762608,0.60,(167.0, 87.0),(0.0, 0.0)
1456762608,0.66,(167.0, 87.0),(0.0, 0.0)
1456762608,0.72,(167.0, 87.0),(0.0, 0.0)
1456762608,0.78,(167.0, 87.0),(0.0, 0.0)
1456762608,0.84,(167.0, 87.0),(1.0, 0.0)
1456762608,0.90,(167.0, 88.26250746254195),(3.0, 0.0)
1456762608,0.96,(167.0, 89.96276271466192),(3.0, 0.0)
1456762608,1.02,(167.0, 91.63677057160405),(4.0, 0.0)
1456762608,1.08,(167.0, 91.63677057160405),(5.0, 0.0)
1456762609,1.37,(167.0, 91.63677057160405),(6.0, 0.0)
1456762609,1.43,(167.0, 96.50252083928655),(7.0, 0.0)
1456762609,1.49,(167.0, 102.62927715177783),(11.0, 0.0)
1456762609,1.55,(167.0, 104.098157716407),(12.0, 0.0)
1456762609,1.61,(167.0, 105.91211287405253),(13.0, 0.0)
1456762609,1.67,(167.0, 107.3130144629528),(15.0, 0.0)
1456762609,1.73,(167.0, 107.3130144629528),(16.0, 0.0)
1456762609,1.79,(167.0, 108.68923763104864),(17.0, 0.0)
1456762609,1.85,(167.0, 111.36856571442604),(18.0, 0.0)
1456762609,1.91,(167.0, 112.67217665796113),(18.0, 0.0)
1456762609,1.97,(167.0, 114.20796624119811),(20.0, 0.0)
1456762609,2.03,(167.0, 115.44454872115101),(21.0, 0.0)
1456762609,2.09,(167.0, 116.65777133933568),(22.0, 0.0)
1456762609,2.15,(167.0, 117.84797463667567),(23.0, 0.0)
1456762610,2.21,(167.0, 119.01553078023413),(24.0, 0.0)
1456762610,2.27,(167.0, 119.01553078023413),(24.0, 0.0)
1456762610,2.33,(167.0, 120.31282838360214),(26.0, 0.0)
1456762610,2.39,(167.0, 122.4938804794223),(27.0, 0.0)
1456762610,2.46,(167.0, 123.55214438269182),(27.0, 0.0)
1456762610,2.52,(167.0, 124.64985983286365),(29.0, 0.0)
1456762610,2.57,(167.0, 125.64255877440588),(30.0, 0.0)
1456762610,2.63,(167.0, 126.61491079142289),(31.0, 0.0)
1456762610,2.70,(167.0, 127.56754557546454),(32.0, 0.0)
1456762610,2.76,(167.0, 128.45826068209442),(33.0, 0.0)
1456762610,2.81,(167.0, 128.45826068209442),(34.0, 0.0)
1456762610,2.87,(164.42610650768887, 130.21389349231112),(35.0, 0.0)
1456762610,2.94,(162.30553031946005, 131.06446968053996),(36.0, 0.0)
1456762610,3.00,(162.30553031946005, 131.06446968053996),(37.0, 0.0)
1456762610,3.05,(157.04209205056475, 132.51790794943525),(38.0, 0.0)
1456762610,3.11,(155.00624690408597, 133.28375309591402),(38.0, 0.0)
1456762611,3.18,(155.00624690408597, 133.28375309591402),(39.0, 0.0)
1456762611,3.24,(150.98493616390144, 134.76506383609856),(41.0, 0.0)
1456762611,3.29,(148.99896431733268, 135.4810356826673),(41.0, 0.0)
1456762611,3.35,(148.99896431733268, 135.4810356826673),(43.0, 0.0)
1456762611,3.42,(144.25607421318506, 136.41392578681496),(44.0, 0.0)
1456762611,3.48,(142.37627066647912, 137.02372933352086),(44.0, 0.0)
1456762611,3.54,(142.37627066647912, 137.02372933352086),(45.0, 0.0)
1456762611,3.59,(140.52271056015144, 137.60728943984856),(45.0, 0.0)
1456762611,3.65,(140.52271056015144, 137.60728943984856),(45.0, 0.0)
1456762611,3.72,(140.52271056015144, 137.60728943984856),(45.0, 0.0)
1456762611,3.78,(140.52271056015144, 137.60728943984856),(45.0, 0.0)
1456762611,3.84,(140.52271056015144, 137.60728943984856),(45.0, 0.0)
1456762611,3.90,(140.52271056015144, 137.60728943984856),(45.0, 0.0)
1456762611,3.96,(140.52271056015144, 137.60728943984856),(45.0, 0.0)
1456762611,4.02,(140.52271056015144, 137.60728943984856),(45.0, 0.0)
1456762611,4.08,(167.0, 167.0),(45.0, 0.0)
1456762611,4.14,(167.0, 167.0),(45.0, 0.0)
1456762612,4.20,(167.0, 167.0),(45.0, 0.0)
1456762612,4.26,(167.0, 167.0),(45.0, 0.0)
1456762612,4.32,(167.0, 167.0),(45.0, 2.0)
1456762612,4.38,(167.0, 167.0),(45.0, 3.0)
1456762612,4.44,(167.0, 167.0),(45.0, 4.0)
1456762612,4.50,(167.0, 167.0),(45.0, 5.0)
1456762612,4.56,(167.0, 167.0),(45.0, 6.0)
1456762612,4.62,(167.0, 167.0),(45.0, 7.0)
1456762612,4.68,(167.0, 167.0),(45.0, 8.0)
1456762612,4.74,(167.0, 167.0),(45.0, 9.0)
1456762612,4.80,(167.0, 167.0),(45.0, 10.0)
1456762612,4.86,(167.0, 167.0),(45.0, 11.0)
1456762612,4.92,(167.0, 167.0),(45.0, 12.0)
1456762612,4.98,(167.0, 166.38982974134763),(45.0, 13.0)
1456762612,5.04,(167.0, 166.38982974134763),(45.0, 14.0)
1456762612,5.10,(167.0, 161.25177213810832),(45.0, 15.0)
1456762613,5.16,(167.0, 158.67895450587835),(45.0, 16.0)
1456762613,5.22,(167.0, 156.1035529488691),(45.0, 17.0)
1456762613,5.28,(167.0, 153.52552672443053),(45.0, 18.0)
1456762613,5.34,(167.0, 150.94483739810008),(45.0, 18.0)
1456762613,5.40,(167.0, 148.36144890946596),(45.0, 20.0)
1456762613,5.46,(167.0, 145.77532763741016),(45.0, 21.0)
1456762613,5.52,(167.0, 143.18644246458365),(45.0, 22.0)
1456762613,5.58,(167.0, 140.59476484095774),(45.0, 23.0)
1456762613,5.64,(167.0, 138.00026884628903),(45.0, 24.0)
1456762613,5.70,(167.0, 138.00026884628903),(45.0, 24.0)
1456762613,5.76,(167.0, 132.80273157757892),(45.0, 26.0)
1456762613,5.82,(167.0, 130.19965215546725),(45.0, 27.0)
1456762613,5.88,(167.0, 127.59367818065239),(45.0, 28.0)
1456762613,5.94,(167.0, 124.98479776835703),(45.0, 29.0)
1456762613,6.00,(167.0, 122.37300200546736),(45.0, 30.0)
1456762613,6.06,(167.0, 119.75828500020847),(45.0, 31.0)
1456762613,6.12,(167.0, 117.14064392918024),(45.0, 32.0)
1456762614,6.18,(167.0, 114.52007908153607),(45.0, 33.0)
1456762614,6.24,(167.0, 114.52007908153607),(45.0, 33.0)
1456762614,6.30,(167.0, 109.27019501909602),(45.0, 35.0)
1456762614,6.36,(167.0, 106.64089229858084),(45.0, 36.0)
1456762614,6.42,(167.0, 106.64089229858084),(45.0, 37.0)
1456762614,6.48,(167.0, 101.3736310870095),(45.0, 38.0)
1456762614,6.54,(167.0, 98.73570869951023),(45.0, 39.0)
1456762614,6.60,(167.0, 96.09495471998349),(46.0, 40.0)
1456762614,6.66,(167.0, 96.09495471998349),(47.0, 41.0)
1456762614,6.72,(167.0, 95.95809164234173),(47.0, 41.0)
1456762614,6.78,(167.0, 95.95809164234173),(48.0, 42.0)
1456762614,6.84,(167.0, 95.820071912269),(50.0, 43.0)
1456762614,6.90,(167.0, 98.39485439719888),(51.0, 43.0)
1456762614,6.96,(167.0, 100.97235886051256),(52.0, 43.0)
1456762614,7.02,(167.0, 103.55262486630122),(53.0, 43.0)
1456762614,7.08,(167.0, 106.13568952570014),(54.0, 43.0)
1456762614,7.14,(167.0, 106.13568952570014),(55.0, 43.0)
1456762615,7.20,(167.0, 111.31035057472306),(56.0, 43.0)
1456762615,7.26,(167.0, 113.90200830901826),(56.0, 43.0)
1456762615,7.32,(167.0, 113.90200830901826),(58.0, 43.0)
1456762615,7.38,(167.0, 116.49658725356792),(59.0, 43.0)
1456762615,7.44,(167.0, 121.69460126699242),(59.0, 43.0)
1456762615,7.50,(167.0, 124.29807539711),(60.0, 43.0)
1456762615,7.56,(167.0, 126.9045487388747),(62.0, 43.0)
1456762615,7.62,(167.0, 129.51403336835816),(63.0, 43.0)
1456762615,7.68,(167.0, 132.12653827806946),(64.0, 43.0)
1456762615,7.74,(167.0, 132.12653827806946),(65.0, 43.0)
1456762615,7.80,(167.0, 137.36062917646493),(65.0, 43.0)
1456762615,7.86,(167.0, 139.9822172712517),(67.0, 43.0)
1456762615,7.92,(167.0, 142.60682976751636),(68.0, 43.0)
1456762615,7.98,(167.0, 145.23445950646192),(69.0, 44.0)
1456762615,8.04,(167.0, 145.23445950646192),(70.0, 45.0)
1456762615,8.10,(167.0, 145.31903037008132),(71.0, 46.0)
1456762616,8.16,(167.0, 145.3616055772731),(72.0, 47.0)
1456762616,8.22,(167.0, 145.3616055772731),(73.0, 48.0)
1456762616,8.28,(167.0, 145.40437570560877),(74.0, 49.0)
1456762616,8.34,(167.0, 145.49050600767907),(75.0, 50.0)
1456762616,8.40,(167.0, 145.53386885171196),(76.0, 51.0)
1456762616,8.46,(167.0, 145.5774319577406),(76.0, 51.0)
1456762616,8.52,(167.0, 145.62119669080627),(77.0, 52.0)
1456762616,8.58,(167.0, 143.0335544767686),(77.0, 54.0)
1456762616,8.64,(167.0, 140.44291451928592),(77.0, 55.0)
1456762616,8.70,(167.0, 137.8492484524109),(77.0, 56.0)
1456762616,8.76,(167.0, 135.2525307794802),(77.0, 57.0)
1456762616,8.82,(167.0, 132.6527389405651),(77.0, 58.0)
1456762616,8.88,(167.0, 130.04985337833273),(77.0, 59.0)
1456762616,8.94,(167.0, 130.04985337833273),(77.0, 60.0)
1456762616,9.00,(167.0, 127.44385760209977),(77.0, 61.0)
1456762616,9.06,(167.0, 122.22248514800089),(77.0, 62.0)
1456762616,9.12,(167.0, 119.60709136862592),(77.0, 63.0)
1456762617,9.18,(167.0, 116.9885532839762),(77.0, 64.0)
1456762617,9.24,(167.0, 114.36687061796248),(78.0, 65.0)
1456762617,9.30,(167.0, 114.33646603513452),(79.0, 66.0)
1456762617,9.36,(167.0, 114.30591595513873),(80.0, 67.0)
1456762617,9.42,(167.0, 114.27521933987023),(81.0, 68.0)
1456762617,9.48,(167.0, 114.24437514141063),(82.0, 69.0)
1456762617,9.54,(167.0, 114.24437514141063),(83.0, 70.0)
1456762617,9.60,(167.0, 114.18223975348337),(83.0, 70.0)
1456762617,9.66,(167.0, 114.15094641806598),(85.0, 72.0)
1456762617,9.72,(167.0, 114.11950120731936),(86.0, 73.0)
1456762617,9.78,(167.0, 114.0879030224965),(87.0, 74.0)
1456762617,9.84,(167.0, 114.0879030224965),(88.0, 75.0)
1456762617,9.90,(167.0, 114.02424328286149),(89.0, 76.0)
1456762617,9.96,(167.0, 113.99217947740522),(90.0, 77.0)
1456762617,10.02,(167.0, 113.99217947740522),(91.0, 77.0)
1456762617,10.08,(167.0, 113.95995819632853),(92.0, 77.0)
1456762617,10.14,(167.0, 119.15019193450254),(92.0, 77.0)
1456762618,10.20,(167.0, 121.75011578349745),(94.0, 77.0)
1456762618,10.26,(167.0, 124.35327257616721),(95.0, 77.0)
1456762618,10.32,(167.0, 126.95967954418602),(96.0, 77.0)
1456762618,10.38,(167.0, 129.56935064956593),(97.0, 77.0)
1456762618,10.44,(167.0, 132.18229652001733),(98.0, 78.0)
1456762618,10.50,(167.0, 132.1953255764413),(98.0, 78.0)
1456762618,10.56,(167.0, 132.1953255764413),(100.0, 79.0)
1456762618,10.62,(167.0, 134.81159026428236),(101.0, 80.0)
1456762618,10.68,(167.0, 134.851082326128),(101.0, 80.0)
1456762618,10.74,(167.0, 134.851082326128),(102.0, 81.0)
1456762618,10.80,(167.0, 134.89097445184842),(104.0, 83.0)
1456762618,10.86,(167.0, 134.9110724370912),(105.0, 84.0)
1456762618,10.92,(167.0, 134.9312727317816),(105.0, 84.0)
1456762618,10.98,(167.0, 134.95157611658615),(107.0, 86.0)
1456762618,11.04,(167.0, 134.97198338010782),(107.0, 86.0)
1456762618,11.10,(167.0, 134.97198338010782),(109.0, 88.0)
1456762619,11.16,(167.0, 134.9924953189869),(110.0, 89.0)
1456762619,11.22,(167.0, 135.03383645017965),(111.0, 90.0)
1456762619,11.28,(167.0, 135.0546672768887),(112.0, 91.0)
1456762619,11.34,(167.0, 135.07560604795825),(113.0, 92.0)
1456762619,11.40,(167.0, 135.09665360178101),(114.0, 93.0)
1456762619,11.46,(167.0, 135.11781078542484),(115.0, 94.0)
1456762619,11.53,(167.0, 135.11781078542484),(116.0, 95.0)
1456762619,11.59,(167.0, 135.16045747449658),(117.0, 96.0)
1456762619,11.65,(167.0, 135.1819487184531),(117.0, 96.0)
1456762619,11.71,(167.0, 135.20355306952092),(119.0, 98.0)
1456762619,11.77,(167.0, 135.22527141985998),(120.0, 99.0)
1456762619,11.83,(167.0, 135.22527141985998),(121.0, 100.0)
1456762619,11.89,(167.0, 135.26905373398645),(121.0, 101.0)
1456762619,11.95,(167.0, 132.6702516549326),(121.0, 102.0)
1456762619,12.01,(167.0, 132.6702516549326),(121.0, 103.0)
1456762619,12.07,(167.0, 130.067997141069),(121.0, 104.0)
1456762619,12.13,(167.0, 124.85305476993555),(121.0, 105.0)
1456762620,12.19,(167.0, 122.24033764415485),(122.0, 106.0)
1456762620,12.25,(167.0, 122.22753620282529),(123.0, 107.0)
1456762620,12.31,(167.0, 122.21466579571022),(124.0, 108.0)
1456762620,12.37,(167.0, 122.20172586464815),(125.0, 109.0)
1456762620,12.43,(167.0, 122.1887158454454),(126.0, 110.0)
1456762620,12.49,(167.0, 122.17563516779433),(127.0, 111.0)
1456762620,12.55,(167.0, 122.17563516779433),(128.0, 112.0)
1456762620,12.61,(167.0, 122.14925952484818),(129.0, 113.0)
1456762620,12.67,(167.0, 122.13596338761508),(130.0, 114.0)
1456762620,12.73,(167.0, 122.12259424788488),(131.0, 115.0)
1456762620,12.79,(167.0, 122.12259424788488),(132.0, 116.0)
1456762620,12.85,(167.0, 122.10915150350883),(133.0, 117.0)
1456762620,12.91,(167.0, 122.08204275897126),(134.0, 118.0)
1456762620,12.97,(167.0, 122.06837552098324),(134.0, 118.0)
1456762620,13.03,(167.0, 122.05463220250888),(136.0, 120.0)
1456762620,13.09,(167.0, 122.04081216730789),(136.0, 120.0)
1456762620,13.15,(167.0, 122.02691477203487),(138.0, 122.0)
1456762621,13.21,(167.0, 122.01293936614002),(139.0, 123.0)
1456762621,13.27,(167.0, 122.01293936614002),(140.0, 124.0)
1456762621,13.33,(167.0, 121.98475188365585),(141.0, 125.0)
1456762621,13.39,(167.0, 121.97053846902737),(142.0, 126.0)
1456762621,13.45,(167.0, 121.97053846902737),(143.0, 127.0)
1456762621,13.51,(167.0, 121.95624436748808),(144.0, 128.0)
1456762621,13.57,(167.0, 121.927411343355),(145.0, 129.0)
1456762621,13.63,(167.0, 121.91287102089692),(146.0, 130.0)
1456762621,13.69,(167.0, 121.8982472115741),(147.0, 131.0)
1456762621,13.75,(167.0, 121.88353919524067),(148.0, 132.0)
1456762621,13.81,(167.0, 121.86874624345565),(149.0, 133.0)
1456762621,13.87,(167.0, 121.86874624345565),(150.0, 134.0)
1456762621,13.93,(167.0, 121.83890257757108),(151.0, 135.0)
1456762621,13.99,(167.0, 121.82385036402675),(152.0, 136.0)
1456762621,14.05,(167.0, 121.80871021589147),(153.0, 137.0)
1456762621,14.11,(167.0, 121.793481361412),(154.0, 138.0)
1456762622,14.17,(167.0, 121.793481361412),(155.0, 139.0)
1456762622,14.23,(167.0, 121.76275440105117),(156.0, 140.0)
1456762622,14.29,(167.0, 121.74725470590617),(157.0, 141.0)
1456762622,14.35,(167.0, 121.73166312561733),(158.0, 142.0)
1456762622,14.41,(167.0, 121.73166312561733),(159.0, 143.0)
1456762622,14.47,(167.0, 121.70020102656409),(160.0, 144.0)
1456762622,14.53,(167.0, 121.68432884180217),(161.0, 145.0)
1456762622,14.59,(167.0, 121.66836143960896),(162.0, 146.0)
1456762622,14.65,(167.0, 121.65229796184778),(163.0, 147.0)
1456762622,14.71,(167.0, 121.65229796184778),(164.0, 148.0)
1456762622,14.77,(167.0, 121.61987929528094),(165.0, 149.0)
1456762622,14.83,(167.0, 121.60352233793861),(166.0, 150.0)
1456762622,14.89,(167.0, 121.60352233793861),(167.0, 151.0)
1456762622,14.95,(167.0, 121.57050867301156),(167.0, 151.0)
1456762622,15.01,(167.0, 121.553850131574),(169.0, 153.0)
1456762622,15.07,(167.0, 121.53708920952424),(170.0, 154.0)
1456762622,15.13,(167.0, 121.52022496158588),(171.0, 155.0)
1456762623,15.19,(167.0, 121.50325643082778),(172.0, 155.0)
1456762623,15.25,(167.0, 124.10484025710443),(173.0, 155.0)
1456762623,15.31,(167.0, 124.10484025710443),(174.0, 156.0)
1456762623,15.37,(167.0, 126.71045482174176),(175.0, 157.0)
1456762623,15.43,(167.0, 126.70864341971459),(175.0, 157.0)
1456762623,15.49,(167.0, 126.70772919293634),(177.0, 159.0)
1456762623,15.55,(167.0, 126.70772919293634),(178.0, 160.0)
1456762623,15.61,(167.0, 126.70588341863953),(179.0, 161.0)
1456762623,15.67,(167.0, 126.70495176138998),(180.0, 162.0)
1456762623,15.73,(167.0, 126.70401418309007),(181.0, 163.0)
1456762623,15.79,(167.0, 126.70401418309007),(182.0, 164.0)
1456762623,15.85,(167.0, 126.70212103611229),(183.0, 165.0)
1456762623,15.91,(167.0, 126.70116535199853),(184.0, 166.0)
1456762623,15.97,(167.0, 126.70020351593912),(185.0, 167.0)
1456762623,16.03,(167.0, 126.69923546834043),(186.0, 168.0)
1456762623,16.09,(167.0, 126.6982611488366),(187.0, 169.0)
1456762623,16.15,(167.0, 126.69728049627703),(188.0, 170.0)
1456762624,16.21,(167.0, 126.69728049627703),(189.0, 171.0)
1456762624,16.27,(167.0, 126.69529994338765),(190.0, 172.0)
1456762624,16.33,(167.0, 126.69429991671652),(191.0, 173.0)
1456762624,16.39,(167.0, 126.69329330428016),(192.0, 174.0)
1456762624,16.45,(167.0, 126.69329330428016),(193.0, 175.0)
1456762624,16.51,(167.0, 126.69126006016113),(194.0, 176.0)
1456762624,16.57,(167.0, 126.6902332953252),(195.0, 177.0)
1456762624,16.63,(167.0, 126.68919967838855),(196.0, 178.0)
1456762624,16.69,(167.0, 126.68919967838855),(197.0, 179.0)
1456762624,16.75,(167.0, 126.68711161200679),(198.0, 180.0)
1456762624,16.81,(167.0, 126.6860570221312),(199.0, 181.0)
1456762624,16.87,(167.0, 126.6849952992624),(200.0, 182.0)
1456762624,16.93,(167.0, 126.6849952992624),(201.0, 183.0)
1456762624,16.99,(167.0, 126.68285016310038),(202.0, 184.0)
1456762624,17.05,(167.0, 126.68176660159536),(203.0, 185.0)
1456762624,17.11,(167.0, 126.68067561063947),(204.0, 186.0)
1456762625,17.17,(167.0, 126.67957711356013),(205.0, 187.0)
1456762625,17.23,(167.0, 126.67847103262602),(206.0, 188.0)
1456762625,17.29,(167.0, 126.6773572890289),(207.0, 189.0)
1456762625,17.35,(167.0, 126.67623580286478),(208.0, 190.0)
1456762625,17.41,(167.0, 126.67510649311485),(209.0, 191.0)
1456762625,17.47,(167.0, 126.67396927762597),(210.0, 192.0)
1456762625,17.53,(167.0, 126.67282407309074),(211.0, 193.0)
1456762625,17.59,(167.0, 126.67282407309074),(212.0, 194.0)
1456762625,17.65,(167.0, 126.67050935775788),(213.0, 195.0)
1456762625,17.71,(167.0, 126.66933967438892),(214.0, 196.0)
1456762625,17.77,(167.0, 126.66816165678809),(215.0, 197.0)
1456762625,17.83,(167.0, 126.66697521556276),(216.0, 198.0)
1456762625,17.89,(167.0, 126.66578026003734),(217.0, 199.0)
1456762625,17.95,(167.0, 126.66457669823006),(218.0, 200.0)
1456762625,18.01,(167.0, 126.6633644368295),(219.0, 201.0)
1456762625,18.07,(167.0, 126.66214338117038),(220.0, 202.0)
1456762625,18.13,(167.0, 126.66091343520901),(220.0, 202.0)
1456762626,18.19,(167.0, 126.65967450149796),(222.0, 204.0)
1456762626,18.25,(167.0, 126.65842648116046),(223.0, 205.0)
1456762626,18.31,(167.0, 126.65716927386407),(224.0, 206.0)
1456762626,18.37,(167.0, 126.65590277779374),(225.0, 207.0)
1456762626,18.43,(167.0, 126.65590277779374),(226.0, 208.0)
1456762626,18.49,(167.0, 126.65334150449267),(227.0, 209.0)
1456762626,18.55,(167.0, 126.6520465159685),(228.0, 210.0)
1456762626,18.61,(167.0, 126.65074181602542),(229.0, 211.0)
1456762626,18.67,(167.0, 126.64942729501068),(230.0, 212.0)
1456762626,18.73,(167.0, 126.64810284161452),(231.0, 213.0)
1456762626,18.79,(167.0, 126.64676834283871),(232.0, 214.0)
1456762626,18.85,(167.0, 126.6454236839645),(233.0, 215.0)
1456762626,18.91,(167.0, 126.64406874851957),(234.0, 216.0)
1456762626,18.98,(167.0, 126.6427034182446),(235.0, 217.0)
1456762626,19.04,(167.0, 126.64132757305876),(236.0, 218.0)
1456762626,19.09,(167.0, 126.6399410910245),(237.0, 219.0)
1456762626,19.15,(167.0, 126.63854384831156),(238.0, 220.0)
1456762627,19.22,(167.0, 126.63713571916009),(239.0, 221.0)
1456762627,19.28,(167.0, 126.63571657584293),(240.0, 222.0)
1456762627,19.33,(167.0, 126.63428628862695),(241.0, 223.0)
1456762627,19.39,(167.0, 126.63284472573359),(242.0, 224.0)
1456762627,19.46,(167.0, 126.63284472573359),(243.0, 225.0)
1456762627,19.52,(167.0, 126.6299272353291),(244.0, 226.0)
1456762627,19.58,(167.0, 126.62845103366435),(245.0, 227.0)
1456762627,19.63,(167.0, 126.62696300792899),(246.0, 228.0)
1456762627,19.70,(167.0, 126.62546301549027),(247.0, 229.0)
1456762627,19.76,(167.0, 126.6239509114121),(248.0, 230.0)
1456762627,19.81,(167.0, 126.6239509114121),(249.0, 231.0)
1456762627,19.87,(167.0, 126.62088977679511),(250.0, 232.0)
1456762627,19.94,(167.0, 126.61934044444155),(251.0, 233.0)
1456762627,20.00,(167.0, 126.61777839671986),(252.0, 234.0)
1456762627,20.05,(167.0, 126.61620347645373),(253.0, 235.0)
1456762627,20.11,(167.0, 126.61461552386568),(254.0, 236.0)
1456762628,20.18,(167.0, 126.61301437652293),(255.0, 237.0)
1456762628,20.24,(167.0, 126.61139986928214),(256.0, 238.0)
1456762628,20.29,(167.0, 126.60977183423253),(257.0, 239.0)
1456762628,20.35,(167.0, 126.60813010063778),(258.0, 240.0)
1456762628,20.42,(167.0, 126.60813010063778),(259.0, 241.0)
1456762628,20.48,(167.0, 126.60480484037949),(260.0, 242.0)
1456762628,20.54,(167.0, 126.60312095757034),(261.0, 243.0)
1456762628,20.60,(167.0, 126.6014226637976),(262.0, 244.0)
1456762628,20.66,(167.0, 126.59970977327042),(263.0, 245.0)
1456762628,20.72,(167.0, 126.59970977327042),(264.0, 246.0)
1456762628,20.78,(167.0, 126.59623944268264),(265.0, 247.0)
1456762628,20.84,(167.0, 126.59623944268264),(265.0, 247.0)
1456762628,20.90,(167.0, 126.59270841406722),(267.0, 249.0)
1456762628,20.96,(167.0, 126.59091963817289),(268.0, 250.0)
1456762628,21.02,(167.0, 126.58911508092476),(269.0, 251.0)
1456762628,21.08,(167.0, 126.58729453255445),(270.0, 252.0)
1456762628,21.14,(167.0, 126.58545777955932),(271.0, 253.0)
1456762629,21.20,(167.0, 126.5836046046191),(272.0, 254.0)
1456762629,21.26,(167.0, 126.5836046046191),(273.0, 255.0)
1456762629,21.32,(167.0, 126.57984810001716),(274.0, 256.0)
1456762629,21.38,(167.0, 126.57794431584335),(275.0, 257.0)
1456762629,21.44,(167.0, 126.57602320051696),(276.0, 258.0)
1456762629,21.50,(167.0, 126.57602320051696),(277.0, 259.0)
1456762629,21.56,(167.0, 126.5721280210705),(278.0, 260.0)
1456762629,21.62,(167.0, 126.5721280210705),(278.0, 260.0)
1456762629,21.68,(167.0, 126.5681606067158),(280.0, 262.0)
1456762629,21.74,(167.0, 126.56614918060376),(281.0, 263.0)
1456762629,21.80,(167.0, 126.56411892930531),(282.0, 264.0)
1456762629,21.86,(167.0, 126.5620695872996),(283.0, 265.0)
1456762629,21.92,(167.0, 126.56000088404889),(284.0, 266.0)
1456762629,21.98,(167.0, 126.55791254387943),(285.0, 267.0)
1456762629,22.04,(167.0, 126.555804285859),(286.0, 268.0)
1456762629,22.10,(167.0, 126.55367582367097),(287.0, 269.0)
1456762630,22.16,(167.0, 126.55152686548463),(288.0, 270.0)
1456762630,22.22,(167.0, 126.55152686548463),(289.0, 271.0)
1456762630,22.28,(167.0, 126.54716626541985),(290.0, 272.0)
1456762630,22.34,(167.0, 126.54495401108971),(291.0, 273.0)
1456762630,22.40,(167.0, 126.54272003557118),(292.0, 274.0)
1456762630,22.46,(167.0, 126.54046401738272),(293.0, 275.0)
1456762630,22.52,(167.0, 126.54046401738272),(294.0, 276.0)
1456762630,22.58,(167.0, 126.53588453503384),(295.0, 277.0)
1456762630,22.64,(167.0, 126.53356039539308),(295.0, 277.0)
1456762630,22.70,(167.0, 126.53121286178956),(297.0, 279.0)
1456762630,22.76,(167.0, 126.52884157922765),(298.0, 280.0)
1456762630,22.82,(167.0, 126.52644618549277),(299.0, 281.0)
1456762630,22.88,(167.0, 126.52402631096685),(300.0, 282.0)
1456762630,22.94,(167.0, 126.52158157843822),(301.0, 283.0)
1456762630,23.00,(167.0, 126.51911160290565),(302.0, 284.0)
1456762630,23.06,(167.0, 126.51661599137623),(303.0, 285.0)
1456762630,23.12,(167.0, 126.51409434265679),(304.0, 286.0)
1456762631,23.18,(167.0, 126.51154624713914),(305.0, 287.0)
1456762631,23.24,(167.0, 126.50897128657809),(306.0, 288.0)
1456762631,23.30,(167.0, 126.50636903386265),(307.0, 289.0)
1456762631,23.36,(167.0, 126.50373905277992),(308.0, 290.0)
1456762631,23.42,(167.0, 126.50108089777122),(309.0, 291.0)
1456762631,23.48,(167.0, 126.50108089777122),(310.0, 292.0)
1456762631,23.54,(167.0, 126.49567823549485),(311.0, 293.0)
1456762631,23.60,(167.0, 126.49293278807546),(311.0, 293.0)
1456762631,23.66,(167.0, 126.49015728588128),(313.0, 295.0)
1456762631,23.72,(167.0, 126.48735123268243),(314.0, 296.0)
1456762631,23.78,(167.0, 126.48451412126444),(315.0, 297.0)
1456762631,23.84,(167.0, 126.4816454331227),(316.0, 298.0)
1456762631,23.90,(167.0, 126.47874463814651),(317.0, 299.0)
1456762631,23.96,(167.0, 126.47581119429258),(318.0, 300.0)
1456762631,24.02,(167.0, 126.47284454724732),(319.0, 301.0)
1456762631,24.08,(167.0, 126.46984413007773),(320.0, 302.0)
1456762631,24.14,(167.0, 126.46680936287021),(321.0, 303.0)
1456762632,24.20,(167.0, 126.46373965235684),(322.0, 304.0)
1456762632,24.26,(167.0, 126.46063439152893),(323.0, 305.0)
1456762632,24.32,(167.0, 126.46063439152893),(324.0, 306.0)
1456762632,24.38,(167.0, 126.4543147197753),(325.0, 307.0)
1456762632,24.44,(167.0, 126.45109902245567),(326.0, 308.0)
1456762632,24.50,(167.0, 126.44784520116075),(327.0, 309.0)
1456762632,24.56,(167.0, 126.4445525738853),(328.0, 310.0)
1456762632,24.62,(167.0, 126.44122044225952),(329.0, 311.0)
1456762632,24.68,(167.0, 126.43784809105512),(329.0, 311.0)
1456762632,24.74,(167.0, 126.43443478767358),(331.0, 313.0)
1456762632,24.80,(167.0, 126.43443478767358),(332.0, 314.0)
1456762632,24.86,(167.0, 126.42748230393146),(333.0, 315.0)
1456762632,24.92,(167.0, 126.42394156664938),(334.0, 316.0)
1456762632,24.98,(167.0, 126.42394156664938),(335.0, 317.0)
1456762632,25.04,(167.0, 126.4167270627263),(336.0, 318.0)
1456762632,25.10,(167.0, 126.41305161959731),(337.0, 319.0)
1456762633,25.16,(167.0, 126.40932956259581),(338.0, 320.0)
1456762633,25.22,(167.0, 126.40555999930682),(339.0, 321.0)
1456762633,25.28,(167.0, 126.40174201438931),(340.0, 322.0)
1456762633,25.34,(167.0, 126.39787466883526),(341.0, 323.0)
1456762633,25.40,(167.0, 126.39395699919967),(342.0, 324.0)
1456762633,25.46,(167.0, 126.38998801680056),(343.0, 325.0)
1456762633,25.52,(167.0, 126.3859667068871),(344.0, 326.0)
1456762633,25.58,(167.0, 126.3818920277748),(345.0, 327.0)
1456762633,25.64,(167.0, 126.37776290994589),(346.0, 328.0)
1456762633,25.70,(167.0, 126.3735782551135),(347.0, 329.0)
1456762633,25.76,(167.0, 126.36933693524784),(348.0, 330.0)
1456762633,25.82,(167.0, 126.36503779156246),(349.0, 331.0)
1456762633,25.88,(167.0, 126.36503779156246),(350.0, 332.0)
1456762633,25.94,(167.0, 126.35626123742723),(351.0, 333.0)
1456762633,26.00,(167.0, 126.35178134590149),(352.0, 334.0)
1456762633,26.06,(167.0, 126.35178134590149),(353.0, 335.0)
1456762633,26.12,(167.0, 126.34723866606598),(354.0, 336.0)
1456762634,26.18,(167.0, 126.33795958643964),(355.0, 337.0)
1456762634,26.24,(167.0, 126.33322041330818),(356.0, 338.0)
1456762634,26.30,(167.0, 126.3284129024222),(357.0, 339.0)
1456762634,26.36,(167.0, 126.3235355649606),(358.0, 340.0)
1456762634,26.42,(167.0, 126.31858686853926),(359.0, 341.0)
1456762634,26.48,(167.0, 126.31356523560598),(360.0, 342.0)
1456762634,26.54,(167.0, 126.308469041764),(361.0, 343.0)
1456762634,26.60,(167.0, 126.30329661402021),(362.0, 344.0)
1456762634,26.66,(167.0, 126.29804622895429),(363.0, 345.0)
1456762634,26.72,(167.0, 126.29271611080428),(363.0, 345.0)
1456762634,26.78,(167.0, 126.28730442946438),(364.0, 346.0)
1456762634,26.84,(167.0, 126.28180929839021),(366.0, 348.0)
1456762634,26.90,(167.0, 126.27622877240614),(367.0, 349.0)
1456762634,26.96,(167.0, 126.27056084540999),(367.0, 349.0)
1456762634,27.02,(167.0, 126.26480344796872),(369.0, 351.0)
1456762634,27.08,(167.0, 126.25895444479954),(370.0, 352.0)
1456762634,27.14,(167.0, 126.25895444479954),(371.0, 353.0)
1456762635,27.20,(167.0, 126.24697273492885),(372.0, 354.0)
1456762635,27.26,(167.0, 126.24083540400447),(373.0, 355.0)
1456762635,27.32,(167.0, 126.23459721295626),(374.0, 356.0)
1456762635,27.38,(167.0, 126.23459721295626),(375.0, 357.0)
1456762635,27.44,(167.0, 126.22180813949734),(376.0, 358.0)
1456762635,27.50,(167.0, 126.22180813949734),(376.0, 358.0)
1456762635,27.56,(167.0, 126.20858443357551),(378.0, 360.0)
1456762635,27.62,(167.0, 126.20180261050581),(379.0, 361.0)
1456762635,27.68,(167.0, 126.19490355667887),(380.0, 362.0)
1456762635,27.74,(167.0, 126.18788420601624),(381.0, 363.0)
1456762635,27.80,(167.0, 126.1807413845816),(382.0, 364.0)
1456762635,27.86,(167.0, 126.1807413845816),(383.0, 365.0)
1456762635,27.92,(167.0, 126.16607206539719),(384.0, 366.0)
1456762635,27.98,(167.0, 126.15853863612269),(385.0, 367.0)
1456762635,28.04,(167.0, 126.15086786210637),(386.0, 368.0)
1456762635,28.10,(167.0, 126.1430559529626),(387.0, 369.0)
1456762636,28.16,(167.0, 126.13509897754203),(388.0, 370.0)
1456762636,28.22,(167.0, 126.13509897754203),(388.0, 370.0)
1456762636,28.28,(167.0, 126.11873335950806),(390.0, 372.0)
1456762636,28.34,(167.0, 126.11031608952233),(391.0, 373.0)
1456762636,28.40,(167.0, 126.1017364833507),(392.0, 374.0)
1456762636,28.46,(167.0, 126.0929897992208),(393.0, 375.0)
1456762636,28.52,(167.0, 126.08407110887892),(394.0, 376.0)
1456762636,28.58,(167.0, 126.08407110887892),(395.0, 377.0)
1456762636,28.64,(167.0, 126.06569700803303),(396.0, 378.0)
1456762636,28.70,(167.0, 126.05623072246897),(397.0, 379.0)
1456762636,28.76,(167.0, 126.0465706591106),(398.0, 380.0)
1456762636,28.82,(167.0, 126.036710806676),(399.0, 381.0)
1456762636,28.88,(167.0, 126.0266449026586),(400.0, 382.0)
1456762636,28.94,(167.0, 126.01636642006541),(401.0, 383.0)
1456762636,29.00,(167.0, 126.00586855330582),(402.0, 384.0)
1456762636,29.06,(167.0, 125.99514420316771),(403.0, 385.0)
1456762636,29.12,(167.0, 125.99514420316771),(404.0, 386.0)
1456762637,29.18,(167.0, 125.97298609069938),(405.0, 387.0)
1456762637,29.24,(167.0, 125.96153651239914),(405.0, 387.0)
1456762637,29.30,(167.0, 125.96153651239914),(407.0, 389.0)
1456762637,29.36,(167.0, 125.93785406702817),(408.0, 390.0)
1456762637,29.42,(167.0, 125.92560313288605),(409.0, 391.0)
1456762637,29.48,(167.0, 125.91306631044917),(410.0, 392.0)
1456762637,29.54,(167.0, 125.90023347494756),(411.0, 393.0)
1456762637,29.60,(167.0, 125.88709401783714),(412.0, 394.0)
1456762637,29.66,(167.0, 125.88709401783714),(412.0, 394.0)
1456762637,29.72,(167.0, 125.85985020814672),(414.0, 396.0)
1456762637,29.78,(167.0, 125.8457219455135),(415.0, 397.0)
1456762637,29.84,(167.0, 125.83123917118458),(416.0, 398.0)
1456762637,29.90,(167.0, 125.83123917118458),(417.0, 399.0)
1456762637,29.96,(167.0, 125.80115534447339),(417.0, 399.0)
1456762637,30.02,(167.0, 125.78552513668129),(418.0, 400.0)
1456762637,30.08,(167.0, 125.76948201213924),(420.0, 402.0)
1456762637,30.14,(167.0, 125.76948201213924),(421.0, 403.0)
1456762638,30.20,(167.0, 125.73608979202952),(421.0, 403.0)
1456762638,30.26,(167.0, 125.71870477507896),(423.0, 405.0)
1456762638,30.32,(167.0, 125.71870477507896),(424.0, 406.0)
1456762638,30.38,(167.0, 125.68245950474981),(425.0, 407.0)
1456762638,30.44,(167.0, 125.66355692867714),(426.0, 408.0)
1456762638,30.50,(167.0, 125.66355692867714),(427.0, 409.0)
1456762638,30.56,(167.0, 125.62407671352855),(428.0, 410.0)
1456762638,30.62,(167.0, 125.60344885882557),(429.0, 411.0)
1456762638,30.68,(167.0, 125.60344885882557),(430.0, 412.0)
1456762638,30.74,(167.0, 125.58219314873078),(431.0, 413.0)
1456762638,30.80,(167.0, 125.56028047803586),(432.0, 414.0)
1456762638,30.86,(167.0, 125.51435855343486),(433.0, 415.0)
1456762638,30.92,(167.0, 125.49028135751057),(433.0, 415.0)
1456762638,30.98,(167.0, 125.46541098161312),(435.0, 417.0)
1456762638,31.04,(167.0, 125.46541098161312),(435.0, 417.0)
1456762638,31.10,(167.0, 125.41312859062853),(436.0, 418.0)
1456762639,31.16,(167.0, 125.38562850567604),(437.0, 419.0)
1456762639,31.23,(167.0, 125.38562850567604),(439.0, 421.0)
1456762639,31.29,(167.0, 125.32766667633244),(439.0, 421.0)
1456762639,31.35,(167.0, 125.29709668470042),(441.0, 423.0)
1456762639,31.41,(167.0, 125.26538842791061),(442.0, 424.0)
1456762639,31.47,(167.0, 125.23247713576261),(443.0, 425.0)
1456762639,31.53,(167.0, 125.19829302975478),(444.0, 426.0)
1456762639,31.59,(167.0, 125.16276082954884),(444.0, 426.0)
1456762639,31.65,(167.0, 125.12579919991003),(446.0, 428.0)
1456762639,31.71,(167.0, 125.12579919991003),(447.0, 429.0)
1456762639,31.77,(167.0, 125.0873201295772),(448.0, 430.0)
1456762639,31.83,(167.0, 125.00541995685852),(448.0, 430.0)
1456762639,31.89,(167.0, 124.96178269684246),(450.0, 432.0)
1456762639,31.95,(167.0, 124.96178269684246),(451.0, 433.0)
1456762639,32.01,(167.0, 124.86851930106702),(452.0, 434.0)
1456762639,32.07,(167.0, 124.81861284423802),(453.0, 435.0)
1456762639,32.13,(167.0, 124.81861284423802),(454.0, 436.0)
1456762640,32.19,(167.0, 124.71144639796104),(455.0, 437.0)
1456762640,32.25,(167.0, 124.67727808517265),(456.0, 438.0)
1456762640,32.31,(167.0, 124.66541323870541),(457.0, 439.0)
1456762640,32.37,(167.0, 124.6776262058323),(458.0, 440.0)
1456762640,32.43,(167.0, 124.6776262058323),(459.0, 441.0)
1456762640,32.49,(167.0, 124.67801762398463),(460.0, 442.0)
1456762640,32.55,(167.0, 124.66481152331357),(460.0, 442.0)
1456762640,32.61,(167.0, 124.67846085423673),(462.0, 444.0)
1456762640,32.67,(167.0, 124.66446411207232),(463.0, 445.0)
1456762640,32.73,(167.0, 124.67896677496152),(464.0, 446.0)
1456762640,32.79,(167.0, 124.67896677496152),(464.0, 446.0)
1456762640,32.85,(167.0, 124.67954950089084),(466.0, 448.0)
1456762640,32.91,(167.0, 124.66365061758367),(467.0, 449.0)
1456762640,32.97,(167.0, 124.66365061758367),(468.0, 450.0)
1456762640,33.03,(167.0, 124.66317104162026),(469.0, 451.0)
1456762640,33.09,(167.0, 124.68102638374279),(470.0, 452.0)
1456762640,33.15,(167.0, 124.6626315264845),(471.0, 453.0)
1456762641,33.21,(167.0, 124.68198024691738),(472.0, 454.0)
1456762641,33.27,(167.0, 124.66202132871304),(472.0, 454.0)
1456762641,33.33,(167.0, 124.68313824419329),(474.0, 456.0)
1456762641,33.39,(167.0, 124.66132771080187),(475.0, 457.0)
1456762641,33.45,(167.0, 124.68457194362847),(476.0, 458.0)
1456762641,33.51,(167.0, 124.68457194362847),(477.0, 459.0)
1456762641,33.57,(167.0, 124.68638991806455),(478.0, 460.0)
1456762641,33.63,(167.0, 124.65963169562345),(479.0, 461.0)
1456762641,33.69,(167.0, 124.65963169562345),(480.0, 462.0)
1456762641,33.75,(167.0, 124.68876459348039),(481.0, 463.0)
1456762641,33.81,(167.0, 124.69198581535866),(482.0, 464.0)
1456762641,33.87,(165.29746053437432, 124.65746053437434),(483.0, 465.0)
1456762641,33.93,(161.52657741668497, 124.69657741668497),(484.0, 466.0)
1456762641,33.99,(141.02485448844004, 167.0),(485.0, 467.0)
1456762641,34.05,(140.53784133858537, 167.0),(486.0, 468.0)
1456762641,34.11,(140.2939600942847, 167.0),(486.0, 469.0)
1456762642,34.17,(142.78035451560154, 167.0),(486.0, 470.0)
1456762642,34.23,(145.26745083050474, 167.0),(486.0, 470.0)
1456762642,34.29,(145.26745083050474, 167.0),(486.0, 472.0)
1456762642,34.35,(147.75535868293915, 167.0),(486.0, 473.0)
1456762642,34.41,(152.7340455369503, 167.0),(486.0, 474.0)
1456762642,34.47,(155.2250416167989, 167.0),(486.0, 475.0)
1456762642,34.53,(157.71728327480102, 167.0),(486.0, 476.0)
1456762642,34.59,(160.21087759730864, 167.0),(486.0, 477.0)
1456762642,34.65,(162.70593098115012, 167.0),(486.0, 478.0)
1456762642,34.71,(165.20254907134682, 167.0),(486.0, 479.0)
1456762642,34.77,(165.20254907134682, 167.0),(486.0, 480.0)
1456762642,34.83,(167.0, 167.0),(486.0, 481.0)
1456762642,34.89,(167.0, 167.0),(486.0, 482.0)
1456762642,34.95,(167.0, 167.0),(486.0, 483.0)
1456762642,35.01,(167.0, 167.0),(486.0, 484.0)
1456762642,35.07,(167.0, 167.0),(486.0, 485.0)
1456762642,35.13,(167.0, 167.0),(486.0, 486.0)
1456762643,35.19,(167.0, 167.0),(486.0, 487.0)
1456762643,35.25,(167.0, 167.0),(486.0, 488.0)
1456762643,35.31,(167.0, 167.0),(486.0, 488.0)
1456762643,35.37,(167.0, 167.0),(486.0, 490.0)
1456762643,35.43,(167.0, 167.0),(486.0, 490.0)
1456762643,35.49,(167.0, 167.0),(486.0, 492.0)
1456762643,35.55,(167.0, 167.0),(486.0, 493.0)
1456762643,35.61,(167.0, 167.0),(486.0, 494.0)
1456762643,35.67,(167.0, 167.0),(486.0, 495.0)
1456762643,35.73,(167.0, 167.0),(486.0, 496.0)
1456762643,35.79,(167.0, 167.0),(486.0, 497.0)
1456762643,35.85,(167.0, 167.0),(486.0, 498.0)
1456762643,35.91,(167.0, 165.3834080342342),(486.0, 499.0)
1456762643,35.97,(167.0, 162.8316112535624),(486.0, 500.0)
1456762643,36.03,(167.0, 160.27626408499242),(486.0, 501.0)
1456762643,36.09,(167.0, 160.27626408499242),(486.0, 502.0)
1456762643,36.15,(167.0, 155.15465344439934),(486.0, 502.0)
1456762644,36.21,(167.0, 152.58826453416944),(486.0, 504.0)
1456762644,36.27,(167.0, 150.0180745787022),(486.0, 505.0)
1456762644,36.33,(167.0, 147.44402848523043),(486.0, 506.0)
1456762644,36.39,(167.0, 144.86607441184637),(486.0, 507.0)
1456762644,36.45,(167.0, 142.2841638796655),(486.0, 508.0)
1456762644,36.51,(167.0, 139.69825188519442),(486.0, 509.0)
1456762644,36.57,(167.0, 139.69825188519442),(486.0, 510.0)
1456762644,36.63,(167.0, 137.10829701262597),(486.0, 511.0)
1456762644,36.69,(167.0, 131.9161115792592),(486.0, 512.0)
1456762644,36.75,(167.0, 129.31381712882006),(486.0, 513.0)
1456762644,36.81,(167.0, 126.70735224003721),(486.0, 514.0)
1456762644,36.87,(167.0, 124.09669509544675),(486.0, 515.0)
1456762644,36.93,(167.0, 121.48182811943478),(486.0, 516.0)
1456762644,36.99,(167.0, 118.86273808056882),(486.0, 517.0)
1456762644,37.05,(167.0, 116.23941619092494),(486.0, 518.0)
1456762644,37.11,(167.0, 113.61185820196332),(486.0, 519.0)
1456762645,37.17,(167.0, 110.98006449649074),(486.0, 520.0)
1456762645,37.23,(167.0, 108.34404017623571),(486.0, 521.0)
1456762645,37.29,(167.0, 108.34404017623571),(486.0, 522.0)
1456762645,37.35,(167.0, 105.70379514455038),(486.0, 523.0)
1456762645,37.41,(167.0, 100.41070702655819),(486.0, 523.0)
1456762645,37.47,(167.0, 97.75790842124195),(486.0, 525.0)
1456762645,37.53,(167.0, 95.10097818978167),(487.0, 526.0)
1456762645,37.59,(167.0, 94.99887919994441),(488.0, 527.0)
1456762645,37.65,(167.0, 94.89615934978045),(489.0, 528.0)
1456762645,37.71,(167.0, 94.79281329352779),(490.0, 529.0)
1456762645,37.77,(167.0, 94.68883562823268),(491.0, 530.0)
1456762645,37.83,(167.0, 94.5842208930554),(492.0, 530.0)
1456762645,37.89,(167.0, 94.5842208930554),(493.0, 530.0)
1456762645,37.95,(167.0, 97.14176601714848),(494.0, 530.0)
1456762645,38.01,(167.0, 102.26861905559852),(495.0, 530.0)
1456762645,38.07,(167.0, 104.83805258964156),(496.0, 530.0)
1456762645,38.13,(167.0, 107.41156913607264),(496.0, 530.0)
1456762646,38.19,(167.0, 107.41156913607264),(498.0, 530.0)
1456762646,38.25,(167.0, 112.57106577641599),(499.0, 530.0)
1456762646,38.31,(167.0, 115.15714415700762),(500.0, 530.0)
1456762646,38.37,(167.0, 117.74750187782175),(501.0, 530.0)
1456762646,38.43,(167.0, 117.74750187782175),(502.0, 530.0)
1456762646,38.49,(167.0, 122.94120980149582),(503.0, 530.0)
1456762646,38.55,(167.0, 125.54462704227035),(504.0, 530.0)
1456762646,38.61,(167.0, 128.15245745796048),(505.0, 530.0)
1456762646,38.67,(167.0, 130.76472383489423),(506.0, 530.0)
1456762646,38.73,(167.0, 133.3814444554231),(507.0, 530.0)
1456762646,38.79,(167.0, 133.3814444554231),(508.0, 530.0)
1456762646,38.85,(167.0, 138.6282983595328),(508.0, 530.0)
1456762646,38.91,(167.0, 141.25844468345178),(509.0, 530.0)
1456762646,38.97,(167.0, 143.89307112245308),(511.0, 531.0)
1456762646,39.03,(167.0, 143.95081750068613),(511.0, 531.0)
1456762646,39.09,(167.0, 143.95081750068613),(513.0, 533.0)
1456762646,39.15,(167.0, 144.06748502962253),(514.0, 534.0)
1456762647,39.21,(167.0, 144.12641405069127),(515.0, 535.0)
1456762647,39.27,(167.0, 144.18574524314667),(516.0, 536.0)
1456762647,39.33,(167.0, 144.18574524314667),(517.0, 537.0)
1456762647,39.39,(167.0, 144.30563046259826),(518.0, 538.0)
1456762647,39.45,(167.0, 144.3661927859319),(518.0, 538.0)
1456762647,39.51,(167.0, 144.4271738751179),(520.0, 540.0)
1456762647,39.57,(167.0, 144.48857801853163),(520.0, 541.0)
1456762647,39.63,(167.0, 141.90908364947558),(520.0, 542.0)
1456762647,39.69,(167.0, 141.90908364947558),(520.0, 543.0)
1456762647,39.75,(167.0, 136.73664398496527),(520.0, 544.0)
1456762647,39.81,(167.0, 134.14360665162224),(520.0, 545.0)
1456762647,39.87,(167.0, 131.54596986426063),(520.0, 546.0)
1456762647,39.93,(167.0, 128.9436981638663),(520.0, 547.0)
1456762647,39.99,(167.0, 128.9436981638663),(520.0, 548.0)
1456762647,40.05,(167.0, 123.72513064602563),(520.0, 549.0)
1456762647,40.11,(167.0, 121.10878676315599),(520.0, 550.0)
1456762648,40.17,(167.0, 118.48771209449606),(520.0, 551.0)
1456762648,40.23,(167.0, 115.86189480686201),(521.0, 552.0)
1456762648,40.29,(167.0, 115.82154418504562),(522.0, 553.0)
1456762648,40.35,(167.0, 115.78090202505473),(523.0, 554.0)
1456762648,40.41,(167.0, 115.78090202505473),(524.0, 555.0)
1456762648,40.47,(167.0, 115.73996517659938),(525.0, 556.0)
1456762648,40.53,(167.0, 115.69873044414359),(525.0, 556.0)
1456762648,40.59,(167.0, 115.61535431398175),(526.0, 557.0)
1456762648,40.65,(167.0, 115.57320629160037),(528.0, 559.0)
1456762648,40.71,(167.0, 115.53074713416048),(528.0, 559.0)
1456762648,40.77,(167.0, 115.48797340739955),(530.0, 561.0)
1456762648,40.83,(167.0, 115.4448816266831),(530.0, 561.0)
1456762648,40.89,(167.0, 115.4448816266831),(531.0, 562.0)
1456762648,40.95,(167.0, 115.35772970744488),(533.0, 564.0)
1456762648,41.01,(167.0, 115.31366233941192),(533.0, 564.0)
1456762648,41.07,(167.0, 115.26926245645822),(534.0, 565.0)
1456762648,41.13,(167.0, 115.26926245645822),(535.0, 566.0)
1456762649,41.19,(167.0, 115.22452630787755),(536.0, 566.0)
1456762649,41.25,(167.0, 117.81259468453645),(537.0, 566.0)
1456762649,41.31,(167.0, 123.00347716683403),(538.0, 566.0)
1456762649,41.37,(167.0, 123.00347716683403),(539.0, 566.0)
1456762649,41.43,(167.0, 128.21428833578847),(541.0, 566.0)
1456762649,41.49,(167.0, 130.82724963959194),(542.0, 566.0)
1456762649,41.55,(167.0, 133.44528208390483),(542.0, 566.0)
1456762649,41.61,(167.0, 133.47035260516594),(543.0, 567.0)
1456762649,41.67,(167.0, 133.495618502594),(544.0, 568.0)
1456762649,41.73,(167.0, 133.52108206399834),(545.0, 569.0)
1456762649,41.79,(167.0, 133.52108206399834),(547.0, 571.0)
1456762649,41.85,(167.0, 133.57261150957584),(548.0, 572.0)
1456762649,41.91,(167.0, 133.59868215108864),(549.0, 573.0)
1456762649,41.97,(167.0, 133.6249599727083),(550.0, 574.0)
1456762649,42.03,(167.0, 133.6249599727083),(550.0, 574.0)
1456762649,42.09,(167.0, 133.65144744831977),(551.0, 575.0)
1456762649,42.15,(167.0, 133.7050614551116),(552.0, 576.0)
1456762650,42.21,(167.0, 133.73219313449775),(553.0, 577.0)
1456762650,42.27,(167.0, 133.75954476592017),(554.0, 578.0)
1456762650,42.33,(167.0, 133.7871190285993),(555.0, 579.0)
1456762650,42.39,(167.0, 133.8149186453422),(556.0, 580.0)
1456762650,42.45,(167.0, 133.84294638343027),(557.0, 581.0)
1456762650,42.51,(167.0, 133.84294638343027),(558.0, 582.0)
1456762650,42.57,(167.0, 133.89969752061907),(559.0, 583.0)
1456762650,42.63,(167.0, 133.92842668495288),(560.0, 584.0)
1456762650,42.69,(167.0, 133.92842668495288),(562.0, 586.0)
1456762650,42.75,(167.0, 133.98660697860785),(563.0, 587.0)
1456762650,42.81,(167.0, 134.01606416571576),(564.0, 588.0)
1456762650,42.87,(167.0, 134.04577016972232),(564.0, 588.0)
1456762650,42.93,(167.0, 134.04577016972232),(565.0, 589.0)
1456762650,42.99,(167.0, 134.075728148409),(566.0, 590.0)
1456762650,43.05,(167.0, 134.13641292969277),(568.0, 592.0)
1456762650,43.11,(167.0, 134.16714632003325),(568.0, 592.0)
1456762651,43.17,(167.0, 134.19814486289997),(569.0, 593.0)
1456762651,43.23,(167.0, 134.22941199533435),(571.0, 595.0)
1456762651,43.29,(167.0, 134.22941199533435),(571.0, 596.0)
1456762651,43.35,(167.0, 131.66589157894438),(571.0, 597.0)
1456762651,43.41,(167.0, 129.06517718251467),(571.0, 597.0)
1456762651,43.47,(167.0, 129.06517718251467),(573.0, 599.0)
1456762651,43.53,(167.0, 129.07427723526257),(574.0, 600.0)
1456762651,43.59,(167.0, 129.09272001802117),(575.0, 601.0)
1456762651,43.65,(167.0, 129.10206491438709),(576.0, 602.0)
1456762651,43.71,(167.0, 129.11149362401613),(577.0, 603.0)
1456762651,43.77,(167.0, 129.1210072792944),(578.0, 604.0)
1456762651,43.83,(167.0, 129.13060703309483),(579.0, 605.0)
1456762651,43.89,(167.0, 129.14029405924248),(580.0, 606.0)
1456762651,43.95,(167.0, 129.14029405924248),(581.0, 607.0)
1456762651,44.01,(167.0, 129.15993473152167),(582.0, 608.0)
1456762651,44.07,(167.0, 129.16989083443244),(583.0, 609.0)
1456762651,44.13,(167.0, 129.16989083443244),(584.0, 610.0)
1456762652,44.19,(167.0, 129.17993912427232),(585.0, 611.0)
1456762652,44.25,(167.0, 129.2003174328681),(585.0, 611.0)
1456762652,44.31,(167.0, 129.21065009631732),(586.0, 612.0)
1456762652,44.37,(167.0, 129.22108023722552),(588.0, 614.0)
1456762652,44.44,(167.0, 129.2316092411689),(589.0, 615.0)
1456762652,44.50,(167.0, 129.24223852010195),(589.0, 615.0)
1456762652,44.55,(167.0, 129.25296951298796),(591.0, 617.0)
1456762652,44.61,(167.0, 129.26380368644783),(592.0, 618.0)
1456762652,44.68,(167.0, 129.2747425354276),(593.0, 619.0)
1456762652,44.74,(167.0, 129.2747425354276),(594.0, 620.0)
1456762652,44.79,(167.0, 129.29694038549817),(594.0, 620.0)
1456762652,44.85,(167.0, 129.3082025243902),(596.0, 622.0)
1456762652,44.92,(167.0, 129.31957561588155),(597.0, 623.0)
1456762652,44.98,(167.0, 129.33106130726017),(598.0, 624.0)
1456762652,45.04,(167.0, 129.33106130726017),(599.0, 625.0)
1456762652,45.09,(167.0, 129.35437724346005),(600.0, 626.0)
1456762652,45.15,(167.0, 129.36621094996607),(601.0, 627.0)
1456762653,45.22,(167.0, 129.3781641814404),(602.0, 628.0)
1456762653,45.28,(167.0, 129.39023875741606),(603.0, 629.0)
1456762653,45.33,(167.0, 129.40243653453533),(604.0, 630.0)
1456762653,45.39,(167.0, 129.40243653453533),(605.0, 631.0)
1456762653,45.46,(167.0, 129.42720931005243),(606.0, 632.0)
1456762653,45.52,(167.0, 129.4397882159841),(607.0, 633.0)
1456762653,45.57,(167.0, 129.4524981401792),(608.0, 634.0)
1456762653,45.63,(167.0, 129.4524981401792),(609.0, 635.0)
1456762653,45.70,(167.0, 129.46534113968852),(610.0, 636.0)
1456762653,45.76,(167.0, 129.47831931483816),(610.0, 636.0)
1456762653,45.81,(167.0, 129.50468981663715),(612.0, 638.0)
1456762653,45.87,(167.0, 129.51808657079135),(612.0, 638.0)
1456762653,45.94,(167.0, 129.5316273580706),(614.0, 640.0)
1456762653,46.00,(167.0, 129.5453145130819),(615.0, 641.0)
1456762653,46.06,(167.0, 129.55915042114418),(615.0, 641.0)
1456762653,46.11,(167.0, 129.55915042114418),(617.0, 643.0)
1456762654,46.18,(167.0, 129.5872782996078),(618.0, 644.0)
1456762654,46.24,(167.0, 129.60157530689312),(619.0, 645.0)
1456762654,46.29,(167.0, 129.60157530689312),(620.0, 646.0)
1456762654,46.35,(167.0, 129.61603114400035),(621.0, 647.0)
1456762654,46.42,(167.0, 129.64543000972625),(622.0, 648.0)
1456762654,46.48,(167.0, 129.64543000972625),(622.0, 648.0)
1456762654,46.54,(167.0, 129.67549690840488),(624.0, 650.0)
1456762654,46.59,(167.0, 129.69078802362733),(625.0, 651.0)
1456762654,46.65,(167.0, 129.70625486275554),(626.0, 652.0)
1456762654,46.72,(167.0, 129.7219004712446),(627.0, 653.0)
1456762654,46.78,(167.0, 129.7377279653054),(628.0, 654.0)
1456762654,46.83,(167.0, 129.75374053397073),(629.0, 655.0)
1456762654,46.90,(167.0, 129.75374053397073),(630.0, 656.0)
1456762654,46.96,(167.0, 129.76994144123407),(631.0, 657.0)
1456762654,47.02,(167.0, 129.80292171569945),(632.0, 658.0)
1456762654,47.08,(167.0, 129.8197080060221),(633.0, 659.0)
1456762654,47.14,(167.0, 129.83669648602142),(634.0, 660.0)
1456762655,47.20,(167.0, 129.85389082934392),(635.0, 661.0)
1456762655,47.26,(167.0, 129.87129479913747),(636.0, 662.0)
1456762655,47.32,(167.0, 129.8889122507925),(637.0, 663.0)
1456762655,47.38,(167.0, 129.8889122507925),(638.0, 664.0)
1456762655,47.44,(167.0, 129.90674713478455),(639.0, 665.0)
1456762655,47.50,(167.0, 129.94308549490717),(640.0, 666.0)
1456762655,47.56,(167.0, 129.961597374505),(641.0, 667.0)
1456762655,47.62,(167.0, 129.98034349984212),(642.0, 668.0)
1456762655,47.68,(167.0, 129.9993283433239),(643.0, 669.0)
1456762655,47.74,(167.0, 130.01855649188593),(644.0, 670.0)
1456762655,47.80,(167.0, 130.03803265068194),(645.0, 671.0)
1456762655,47.86,(167.0, 130.03803265068194),(646.0, 672.0)
1456762655,47.92,(167.0, 130.0577616469153),(647.0, 673.0)
1456762655,47.98,(167.0, 130.0979980947994),(648.0, 674.0)
1456762655,48.04,(167.0, 130.11851584772734),(649.0, 675.0)
1456762655,48.10,(167.0, 130.11851584772734),(650.0, 676.0)
1456762656,48.16,(167.0, 130.16037720030315),(651.0, 677.0)
1456762656,48.22,(167.0, 130.18173194922554),(652.0, 678.0)
1456762656,48.28,(167.0, 130.18173194922554),(653.0, 679.0)
1456762656,48.34,(167.0, 130.20337709852606),(654.0, 680.0)
1456762656,48.40,(167.0, 130.24756260668863),(654.0, 680.0)
1456762656,48.46,(167.0, 130.27011538591802),(656.0, 682.0)
1456762656,48.52,(167.0, 130.292983417876),(657.0, 683.0)
1456762656,48.58,(167.0, 130.31617335546358),(658.0, 684.0)
1456762656,48.64,(167.0, 130.3396920399989),(659.0, 685.0)
1456762656,48.70,(167.0, 130.3635465079309),(660.0, 686.0)
1456762656,48.76,(167.0, 130.38774399784222),(661.0, 687.0)
1456762656,48.82,(167.0, 130.41229195775568),(662.0, 688.0)
1456762656,48.88,(167.0, 130.41229195775568),(663.0, 689.0)
1456762656,48.94,(167.0, 130.46247017296926),(664.0, 690.0)
1456762656,49.00,(167.0, 130.48811644183917),(665.0, 691.0)
1456762656,49.06,(167.0, 130.5141452248491),(666.0, 692.0)
1456762656,49.12,(167.0, 130.5141452248491),(667.0, 693.0)
1456762657,49.18,(167.0, 130.5673850601936),(668.0, 694.0)
1456762657,49.24,(167.0, 130.59461413736554),(669.0, 695.0)
1456762657,49.30,(167.0, 130.59461413736554),(670.0, 696.0)
1456762657,49.36,(167.0, 130.62226179864734),(671.0, 697.0)
1456762657,49.42,(167.0, 130.67885205780635),(672.0, 698.0)
1456762657,49.48,(167.0, 130.7078150174695),(673.0, 699.0)
1456762657,49.54,(167.0, 130.7372373091766),(674.0, 700.0)
1456762657,49.60,(167.0, 130.76712993930772),(675.0, 701.0)
1456762657,49.66,(167.0, 130.79750426845484),(676.0, 702.0)
1456762657,49.72,(167.0, 130.8283720257759),(677.0, 703.0)
1456762657,49.78,(167.0, 130.85974532405191),(678.0, 704.0)
1456762657,49.84,(167.0, 130.85974532405191),(679.0, 705.0)
1456762657,49.90,(167.0, 130.8916366754878),(680.0, 706.0)
1456762657,49.96,(167.0, 130.95702568413782),(681.0, 707.0)
1456762657,50.02,(167.0, 130.99055051638445),(682.0, 708.0)
1456762657,50.08,(167.0, 130.99055051638445),(682.0, 708.0)
1456762657,50.14,(167.0, 131.05933227872774),(684.0, 710.0)
1456762658,50.20,(167.0, 131.09461927241435),(684.0, 710.0)
1456762658,50.26,(167.0, 131.09461927241435),(686.0, 712.0)
1456762658,50.32,(167.0, 131.1670646229244),(687.0, 713.0)
1456762658,50.38,(167.0, 131.20425632573975),(688.0, 714.0)
1456762658,50.44,(167.0, 131.20425632573975),(689.0, 715.0)
1456762658,50.50,(167.0, 131.28066568452837),(690.0, 716.0)
1456762658,50.56,(167.0, 131.31992042890892),(691.0, 717.0)
1456762658,50.62,(167.0, 131.3599010831673),(692.0, 718.0)
1456762658,50.68,(167.0, 131.4006279507078),(693.0, 719.0)
1456762658,50.74,(167.0, 131.4006279507078),(694.0, 720.0)
1456762658,50.80,(167.0, 131.48440539306404),(695.0, 721.0)
1456762658,50.86,(167.0, 131.52750053915943),(696.0, 722.0)
1456762658,50.92,(167.0, 131.52750053915943),(697.0, 723.0)
1456762658,50.98,(167.0, 131.6162216395873),(698.0, 724.0)
1456762658,51.04,(167.0, 131.6618975695153),(699.0, 725.0)
1456762658,51.10,(167.0, 131.6618975695153),(700.0, 726.0)
1456762659,51.16,(167.0, 131.70848539560112),(701.0, 727.0)
1456762659,51.22,(167.0, 131.80450806316819),(702.0, 728.0)
1456762659,51.28,(167.0, 131.85400142523864),(703.0, 729.0)
1456762659,51.34,(167.0, 131.90452384303723),(704.0, 730.0)
1456762659,51.40,(167.0, 131.95610770686667),(704.0, 730.0)
1456762659,51.46,(167.0, 132.00878677902057),(706.0, 732.0)
1456762659,51.52,(167.0, 132.06259626710727),(707.0, 733.0)
1456762659,51.58,(167.0, 132.11757290212108),(708.0, 734.0)
1456762659,51.64,(167.0, 132.17375502162145),(709.0, 735.0)
1456762659,51.70,(167.0, 132.17375502162145),(710.0, 736.0)
1456762659,51.76,(167.0, 132.28989763516964),(710.0, 736.0)
1456762659,51.82,(167.0, 132.34994366542418),(712.0, 738.0)
1456762659,51.88,(167.0, 132.41136646151045),(713.0, 739.0)
1456762659,51.94,(167.0, 132.47421384993737),(714.0, 740.0)
1456762659,52.00,(167.0, 132.53853589484973),(715.0, 741.0)
1456762659,52.06,(167.0, 132.60438503022579),(715.0, 742.0)
1456762659,52.12,(167.0, 130.0220222971791),(715.0, 742.0)
1456762660,52.18,(167.0, 130.0220222971791),(716.0, 744.0)
1456762660,52.24,(167.0, 127.42944906851832),(717.0, 745.0)
1456762660,52.30,(167.0, 127.43474796858327),(718.0, 746.0)
1456762660,52.36,(167.0, 127.43474796858327),(719.0, 747.0)
1456762660,52.42,(167.0, 127.44574798390786),(720.0, 748.0)
1456762660,52.48,(167.0, 127.45145940622542),(721.0, 749.0)
1456762660,52.54,(167.0, 127.45731908893697),(721.0, 749.0)
1456762660,52.60,(167.0, 127.46333288083572),(723.0, 751.0)
1456762660,52.66,(167.0, 127.46950694245305),(724.0, 752.0)
1456762660,52.72,(167.0, 127.47584776710814),(725.0, 753.0)
1456762660,52.78,(167.0, 127.47584776710814),(726.0, 754.0)
1456762660,52.84,(167.0, 127.48905748131585),(727.0, 755.0)
1456762660,52.90,(167.0, 127.49594123612466),(728.0, 756.0)
1456762660,52.96,(167.0, 127.50302154029421),(729.0, 757.0)
1456762660,53.02,(167.0, 127.51030693363393),(730.0, 758.0)
1456762660,53.08,(167.0, 127.51780645794129),(731.0, 759.0)
1456762660,53.14,(167.0, 127.52552969443629),(732.0, 760.0)
1456762661,53.20,(167.0, 127.53348680459648),(733.0, 761.0)
1456762661,53.26,(167.0, 127.53348680459648),(734.0, 762.0)
1456762661,53.32,(167.0, 127.54168857475855),(735.0, 763.0)
1456762661,53.38,(167.0, 127.55887266205112),(736.0, 764.0)
1456762661,53.44,(167.0, 127.56788013890159),(737.0, 765.0)
1456762661,53.50,(167.0, 127.57718271812656),(737.0, 765.0)
1456762661,53.56,(167.0, 127.5867951431707),(738.0, 766.0)
1456762661,53.62,(167.0, 127.59673315621181),(740.0, 768.0)
1456762661,53.68,(167.0, 127.60701358418497),(741.0, 769.0)
1456762661,53.74,(167.0, 127.61765443385353),(742.0, 770.0)
1456762661,53.80,(167.0, 127.6286749970573),(742.0, 770.0)
1456762661,53.86,(167.0, 127.6286749970573),(744.0, 772.0)
1456762661,53.92,(167.0, 127.65193957008212),(745.0, 773.0)
1456762661,53.98,(167.0, 127.6642297059279),(745.0, 773.0)
1456762661,54.04,(167.0, 127.67699211267983),(746.0, 774.0)
1456762661,54.10,(167.0, 127.69025454474087),(747.0, 775.0)
1456762662,54.16,(167.0, 127.70404697467117),(749.0, 777.0)
1456762662,54.22,(167.0, 127.71840181929632),(750.0, 778.0)
1456762662,54.28,(167.0, 127.73335419404854),(751.0, 779.0)
1456762662,54.34,(167.0, 127.73335419404854),(752.0, 780.0)
1456762662,54.40,(167.0, 127.76520724670429),(753.0, 781.0)
1456762662,54.46,(167.0, 127.78219442209196),(754.0, 782.0)
1456762662,54.52,(167.0, 127.78219442209196),(755.0, 783.0)
1456762662,54.58,(167.0, 127.79995290721145),(756.0, 784.0)
1456762662,54.64,(167.0, 127.83800392344118),(757.0, 785.0)
1456762662,54.70,(167.0, 127.8584199181416),(758.0, 786.0)
1456762662,54.76,(167.0, 127.87985548852494),(759.0, 787.0)
1456762662,54.82,(167.0, 127.88434118450787),(759.0, 787.0)
1456762662,54.88,(167.0, 127.87980156181172),(761.0, 789.0)
1456762662,54.94,(167.0, 127.88452786121873),(762.0, 790.0)
1456762662,55.00,(167.0, 127.87974142593262),(763.0, 791.0)
1456762662,55.06,(167.0, 127.88473559176907),(764.0, 792.0)
1456762662,55.12,(167.0, 127.8796739447221),(765.0, 793.0)
1456762663,55.18,(167.0, 127.88496814993643),(766.0, 794.0)
1456762663,55.24,(167.0, 127.88496814993643),(767.0, 795.0)
1456762663,55.30,(167.0, 127.87959768728413),(768.0, 796.0)
1456762663,55.36,(167.0, 127.87951082596756),(769.0, 797.0)
1456762663,55.42,(167.0, 127.88552796426097),(769.0, 797.0)
1456762663,55.48,(167.0, 127.87941098889034),(771.0, 799.0)
1456762663,55.54,(167.0, 127.88586900542616),(771.0, 799.0)
1456762663,55.60,(167.0, 127.88586900542616),(773.0, 801.0)
1456762663,55.66,(167.0, 127.88626359812606),(774.0, 802.0)
1456762663,55.72,(167.0, 127.87915875431662),(775.0, 803.0)
1456762663,55.78,(167.0, 127.87915875431662),(776.0, 804.0)
1456762663,55.84,(167.0, 127.8867254239951),(777.0, 805.0)
1456762663,55.90,(167.0, 127.88727325621593),(778.0, 806.0)
1456762663,55.96,(167.0, 127.87879930144095),(779.0, 807.0)
1456762663,56.02,(167.0, 127.8879335690754),(780.0, 808.0)
1456762663,56.08,(167.0, 127.87855557955729),(781.0, 809.0)
1456762663,56.14,(167.0, 127.88874493409924),(782.0, 810.0)
1456762664,56.20,(167.0, 127.88874493409924),(783.0, 811.0)
1456762664,56.26,(167.0, 127.88976581151542),(784.0, 812.0)
1456762664,56.32,(167.0, 127.87784130177319),(784.0, 812.0)
1456762664,56.38,(167.0, 127.89108924236056),(786.0, 814.0)
1456762664,56.44,(164.22271174308122, 127.87728825691876),(787.0, 815.0)
1456762664,56.50,(164.22271174308122, 127.87728825691876),(788.0, 816.0)
1456762664,56.56,(157.87351078258956, 127.87648921741045),(789.0, 817.0)
1456762664,56.62,(155.314594076216, 127.89540592378401),(790.0, 818.0)
1456762664,56.68,(127.0, 87.0),(791.0, 819.0)
1456762664,56.74,(127.0, 87.0),(792.0, 819.0)
1456762664,56.80,(127.0, 87.0),(793.0, 819.0)
1456762664,56.86,(127.0, 87.0),(793.0, 819.0)
1456762664,56.92,(127.0, 87.0),(795.0, 819.0)
1456762664,56.98,(127.0, 87.0),(796.0, 819.0)
1456762664,57.04,(127.0, 87.0),(797.0, 819.0)
1456762664,57.10,(127.0, 87.0),(798.0, 819.0)
1456762665,57.16,(127.0, 87.0),(799.0, 819.0)
1456762665,57.22,(127.0, 87.0),(800.0, 819.0)
1456762665,57.28,(127.0, 87.0),(801.0, 819.0)
1456762665,57.34,(127.0, 87.0),(802.0, 819.0)
1456762665,57.40,(127.0, 87.0),(803.0, 819.0)
1456762665,57.46,(127.0, 87.0),(804.0, 819.0)
1456762665,57.52,(127.0, 87.0),(804.0, 819.0)
1456762665,57.58,(127.0, 87.0),(806.0, 819.0)
1456762665,57.64,(127.0, 87.0),(807.0, 819.0)
1456762665,57.70,(127.0, 87.0),(808.0, 819.0)
1456762665,57.76,(127.0, 87.0),(809.0, 819.0)
1456762665,57.82,(127.0, 87.0),(810.0, 819.0)
1456762665,57.88,(127.0, 87.0),(811.0, 819.0)
1456762665,57.94,(127.0, 87.0),(812.0, 819.0)
1456762665,58.00,(127.0, 87.0),(813.0, 819.0)
1456762665,58.06,(127.96909749030765, 87.0),(814.0, 819.0)
1456762665,58.12,(127.96909749030765, 87.0),(815.0, 819.0)
1456762666,58.18,(130.39720884133595, 87.0),(815.0, 819.0)
1456762666,58.24,(135.25421276393678, 87.0),(817.0, 819.0)
1456762666,58.30,(137.68340578198416, 87.0),(818.0, 819.0)
1456762666,58.36,(140.11325962128564, 87.0),(819.0, 819.0)
1456762666,58.42,(142.54392417781733, 87.0),(820.0, 819.0)
1456762666,58.48,(142.54392417781733, 87.0),(821.0, 819.0)
1456762666,58.54,(147.40828399029039, 87.0),(822.0, 819.0)
1456762666,58.60,(149.84227788141538, 87.0),(823.0, 819.0)
1456762666,58.66,(149.84227788141538, 87.0),(824.0, 819.0)
1456762666,58.72,(154.71463786155488, 87.0),(825.0, 819.0)
1456762666,59.03,(157.15330051002707, 87.0),(825.0, 819.0)
1456762666,59.09,(159.59381523064744, 87.0),(826.0, 819.0)
1456762666,59.15,(167.0, 87.0),(830.0, 818.0)
1456762667,59.22,(167.0, 87.0),(831.0, 818.0)
1456762667,59.27,(167.0, 87.0),(832.0, 818.0)
1456762667,59.34,(167.0, 87.0),(833.0, 818.0)
1456762667,59.39,(167.0, 87.0),(835.0, 818.0)
