,time,fwd,trn,oL,oR
1456764775,0,0,0,0,0
1456764775,0,167,127,0,0
1456764775,0.059999943,167,127,0,0
1456764775,0.119999886,167,127,0,0
1456764775,0.180000067,167,87,0,0
1456764775,0.24000001,167,87,0,0
1456764775,0.299999952,167,87,0,0
1456764775,0.359999895,167,87,0,0
1456764775,0.420000076,167,87,0,0
1456764775,0.480000019,167,87,0,0
1456764776,0.539999962,167,87,0,0
1456764776,0.599999905,167,87,0,0
1456764776,0.660000086,167,87,0,0
1456764776,0.720000029,167,87,0,1
1456764776,0.779999971,167,88.26250746,0,2
1456764776,0.839999914,167,89.96276271,0,3
1456764776,1.039999962,167,89.96276271,0,4
1456764776,1.099999905,167,89.96276271,0,4
1456764776,1.160000086,167,94.76808309,0,6
1456764776,1.220000029,167,96.33800934,0,7
1456764776,1.289999962,167,97.88210179,0,8
1456764776,1.339999914,167,97.88210179,0,8
1456764776,1.400000095,167,97.88210179,0,9
1456764776,1.460000038,167,99.40049427,0,9
1456764777,1.519999981,167,99.31464085,0,10
1456764777,1.579999924,167,102.2204428,0,11
1456764777,1.639999866,167,103.6352311,0,12
1456764777,1.700000048,167,103.9686832,0,12
1456764777,1.75999999,167,103.9686832,0,13
1456764777,1.829999924,167,106.6324967,0,14
1456764777,1.879999876,167,107.9265832,0,15
1456764777,1.940000057,167,109.1956804,0,16
1456764777,2,167,110.4399749,0,17
1456764777,2.059999943,167,110.4399749,0,18
1456764777,2.119999886,167,111.6596701,0,19
1456764777,2.180000067,167,114.3022145,0,20
1456764777,2.24000001,167,115.4305973,0,21
1456764777,2.299999952,167,115.4305973,0,22
1456764777,2.359999895,167,117.6160083,0,23
1456764777,2.420000076,167,117.6160083,0,24
1456764777,2.480000019,167,118.6736673,0,25
1456764778,2.539999962,167,120.8777212,0,26
1456764778,2.609999895,167,120.8777212,0,27
1456764778,2.660000086,167,121.8466378,0,28
1456764778,2.720000029,167,122.7934944,0,29
1456764778,2.789999962,167,124.6910715,0,30
1456764778,2.849999905,167,125.5511159,0,31
1456764778,2.910000086,167,126.3907348,0,33
1456764778,2.970000029,166.1593401,127.2106599,0,34
1456764778,3.029999971,162.8520063,127.9779937,0,35
1456764778,3.089999914,162.8520063,127.9779937,0,36
1456764778,3.150000095,167,167,0,37
1456764778,3.210000038,167,167,0,37
1456764778,3.269999981,167,167,0,39
1456764778,3.329999924,167,167,1,40
1456764778,3.389999866,167,167,1,40
1456764778,3.450000048,167,167,3,42
1456764778,3.50999999,167,167,4,42
1456764779,3.569999933,167,167,4,42
1456764779,3.629999876,167,167,5,42
1456764779,3.690000057,167,167,6,42
1456764779,3.75,167,167,7,42
1456764779,3.809999943,167,167,8,42
1456764779,3.869999886,167,167,10,42
1456764779,3.930000067,167,167,10,42
1456764779,3.99000001,167,167,12,42
1456764779,4.049999952,167,167,13,42
1456764779,4.109999895,167,167,13,42
1456764779,4.170000076,167,164.422072,15,42
1456764779,4.230000019,167,161.8443709,16,42
1456764779,4.289999962,167,161.8443709,17,42
1456764779,4.349999905,167,159.264655,17,42
1456764779,4.410000086,167,154.0990465,19,42
1456764779,4.470000029,167,154.0990465,19,42
1456764780,4.529999971,167,151.5130926,21,42
1456764780,4.589999914,167,146.3347473,22,42
1456764780,4.650000095,167,146.3347473,23,42
1456764780,4.710000038,167,141.1476571,24,42
1456764780,4.769999981,167,141.1476571,25,42
1456764780,4.829999924,167,138.55078,26,42
1456764780,4.889999866,167,133.3502753,27,42
1456764780,4.950000048,167,130.7466197,28,42
1456764780,5.00999999,167,130.7466197,29,42
1456764780,5.069999933,167,128.1406803,30,42
1456764780,5.129999876,167,122.9219199,31,42
1456764780,5.190000057,167,122.9219199,32,42
1456764780,5.25,167,120.3090894,33,42
1456764780,5.309999943,167,117.6939564,34,42
1456764780,5.369999886,167,115.0765222,35,42
1456764780,5.430000067,167,109.834768,36,42
1456764780,5.49000001,167,107.210463,37,42
1456764781,5.549999952,167,107.210463,38,42
1456764781,5.609999895,167,101.9550539,39,42
1456764781,5.670000076,167,101.9550539,40,42
1456764781,5.730000019,167,99.32397998,41,43
1456764781,5.789999962,167,96.69068417,42,44
1456764781,5.849999905,167,96.58509007,43,45
1456764781,5.910000086,167,96.58509007,44,46
1456764781,5.970000029,167,96.47879305,45,47
1456764781,6.029999971,167,96.42537886,45,48
1456764781,6.089999914,167,96.42537886,45,49
1456764781,6.150000095,167,99.00778271,45,50
1456764781,6.210000038,167,104.1790963,45,51
1456764781,6.269999981,167,104.1790963,45,52
1456764781,6.329999924,167,106.7680627,45,53
1456764781,6.389999866,167,109.3592699,45,54
1456764781,6.450000048,167,111.952741,45,55
1456764781,6.50999999,167,117.1465565,45,56
1456764782,6.569999933,167,117.1465565,45,57
1456764782,6.629999876,167,122.3496504,45,58
1456764782,6.690000057,167,124.9547108,45,59
1456764782,6.75,167,127.5621269,45,60
1456764782,6.809999943,167,127.5621269,45,61
1456764782,6.869999886,167,130.1719059,45,62
1456764782,6.930000067,167,135.3985687,45,63
1456764782,6.99000001,167,135.3985687,45,63
1456764782,7.049999952,167,138.0154543,45,65
1456764782,7.109999895,167,143.2563198,45,66
1456764782,7.170000076,167,143.2563198,46,67
1456764782,7.230000019,167,143.2563198,46,67
1456764782,7.289999962,167,145.9487356,48,69
1456764782,7.349999905,167,145.9487356,49,70
1456764782,7.410000086,167,145.9831433,50,71
1456764782,7.470000029,167,146.0176738,51,72
1456764783,7.529999971,167,146.0523278,52,73
1456764783,7.589999914,167,146.122009,53,74
1456764783,7.650000095,167,146.122009,54,75
1456764783,7.710000038,167,146.1921922,55,75
1456764783,7.769999981,167,143.6005524,56,75
1456764783,7.829999924,167,143.6005524,57,75
1456764783,7.889999866,167,141.0065735,58,75
1456764783,7.950000048,167,135.8115171,59,75
1456764783,8.00999999,167,135.8115171,60,75
1456764783,8.069999933,167,133.2104048,61,75
1456764783,8.129999876,167,130.6068838,62,75
1456764783,8.190000057,167,128.0009427,63,75
1456764783,8.25,167,122.7817665,63,75
1456764783,8.309999943,167,120.168521,65,75
1456764783,8.369999886,167,120.168521,66,75
1456764783,8.430000067,167,117.5528344,67,76
1456764783,8.49000001,167,114.9347079,68,77
1456764784,8.549999952,167,114.8895108,69,78
1456764784,8.609999895,167,114.8895108,70,79
1456764784,8.670000076,167,114.866786,71,80
1456764784,8.730000019,167,114.8210814,72,81
1456764784,8.789999962,167,114.8210814,73,82
1456764784,8.849999905,167,114.7750338,74,83
1456764784,8.910000086,167,114.7518803,75,84
1456764784,8.970000029,167,114.7518803,76,85
1456764784,9.029999971,167,114.7286395,77,86
1456764784,9.089999914,167,114.6818943,78,87
1456764784,9.150000095,167,114.6818943,79,88
1456764784,9.210000038,167,114.6347945,80,89
1456764784,9.269999981,167,114.6347945,81,90
1456764784,9.329999924,167,114.6111103,81,91
1456764784,9.389999866,167,117.1847463,81,92
1456764784,9.450000048,167,119.7846346,81,92
1456764784,9.50999999,167,119.7846346,81,94
1456764785,9.569999933,167,122.3870165,81,95
1456764785,9.629999876,167,127.5993112,81,96
1456764785,9.690000057,167,127.5993112,81,96
1456764785,9.75,167,130.2092426,81,98
1456764785,9.809999943,167,135.4367004,82,99
1456764785,9.869999886,167,135.4367004,83,100
1456764785,9.930000067,167,135.4367004,83,100
1456764785,9.99000001,167,135.4860354,85,102
1456764785,10.04999995,167,135.4860354,86,103
1456764785,10.1099999,167,135.519246,87,104
1456764785,10.17000008,167,135.519246,88,105
1456764785,10.23000002,167,135.5359486,89,106
1456764785,10.28999996,167,135.5695504,90,107
1456764785,10.3499999,167,135.5864503,91,108
1456764785,10.41000009,167,135.5864503,92,109
1456764785,10.47000003,167,135.6034167,93,110
1456764786,10.52999997,167,135.6375508,94,111
1456764786,10.58999991,167,135.6375508,95,112
1456764786,10.6500001,167,135.6547192,96,113
1456764786,10.71000004,167,135.6719558,97,114
1456764786,10.76999998,167,135.6892608,98,115
1456764786,10.82999992,167,135.7240782,99,116
1456764786,10.88999987,167,135.7415913,100,117
1456764786,10.95000005,167,135.7415913,100,117
1456764786,11.00999999,167,135.7768285,101,118
1456764786,11.06999993,167,135.7768285,103,119
1456764786,11.12999988,167,135.7945534,104,119
1456764786,11.19000006,167,133.1940412,105,119
1456764786,11.25,167,127.9851411,106,119
1456764786,11.30999994,167,127.9851411,107,120
1456764786,11.36999989,167,125.3734252,108,121
1456764786,11.43000007,167,125.3701072,109,122
1456764786,11.49000001,167,125.3701072,110,123
1456764787,11.54999995,167,125.3667757,111,124
1456764787,11.6099999,167,125.3600717,112,125
1456764787,11.67000008,167,125.3600717,113,126
1456764787,11.73000002,167,125.356699,114,127
1456764787,11.78999996,167,125.3533124,115,128
1456764787,11.8499999,167,125.3499118,116,129
1456764787,11.91000009,167,125.3430683,117,130
1456764787,11.97000003,167,125.3430683,118,131
1456764787,12.02999997,167,125.3396252,119,132
1456764787,12.08999991,167,125.3361678,120,133
1456764787,12.1500001,167,125.3292096,121,134
1456764787,12.21000004,167,125.3292096,122,135
1456764787,12.26999998,167,125.322193,123,136
1456764787,12.32999992,167,125.3186625,124,137
1456764787,12.38999987,167,125.3186625,125,138
1456764787,12.45000005,167,125.3151172,126,139
1456764787,12.50999999,167,125.3079815,127,140
1456764788,12.56999993,167,125.3079815,128,141
1456764788,12.62999988,167,125.300785,129,142
1456764788,12.69000006,167,125.300785,130,143
1456764788,12.75,167,125.2971638,131,144
1456764788,12.80999994,167,125.2935272,132,145
1456764788,12.86999989,167,125.286207,133,146
1456764788,12.93000007,167,125.286207,134,147
1456764788,12.99000001,167,125.2788238,135,148
1456764788,13.04999995,167,125.2751083,136,149
1456764788,13.1099999,167,125.2751083,137,150
1456764788,13.17000008,167,125.2713767,138,151
1456764788,13.23000002,167,125.2638649,139,152
1456764788,13.28999996,167,125.2638649,140,153
1456764788,13.3499999,167,125.2600845,141,154
1456764788,13.41000009,167,125.2562876,142,155
1456764788,13.47000003,167,125.2524741,142,155
1456764789,13.53999996,167,125.2447967,143,156
1456764789,13.5999999,167,125.2447967,145,158
1456764789,13.6500001,167,125.2370517,146,159
1456764789,13.71000004,167,125.2331535,147,160
1456764789,13.77999997,167,125.2331535,148,161
1456764789,13.83999991,167,125.229238,149,162
1456764789,13.9000001,167,125.2213547,150,163
1456764789,13.95000005,167,125.2213547,151,164
1456764789,14.00999999,167,125.2173867,152,165
1456764789,14.07999992,167,125.2093973,153,166
1456764789,14.13999987,167,125.2093973,154,167
1456764789,14.19000006,167,125.201336,155,168
1456764789,14.25,167,125.1972781,156,169
1456764789,14.31999993,167,125.1972781,157,170
1456764789,14.37999988,167,125.1932019,157,170
1456764789,14.43000007,167,125.1849938,159,172
1456764789,14.49000001,167,125.1849938,160,173
1456764790,14.55999994,167,125.1808617,161,174
1456764790,14.61999989,167,125.1725409,162,175
1456764790,14.67000008,167,125.1683519,163,176
1456764790,14.73000002,167,125.1683519,164,177
1456764790,14.79999995,167,125.1641436,165,178
1456764790,14.8599999,167,125.1556688,166,179
1456764790,14.92000008,167,125.1556688,166,179
1456764790,14.98000002,167,125.151402,168,181
1456764790,15.03999996,167,125.1428089,168,181
1456764790,15.0999999,167,125.1428089,170,183
1456764790,15.16000009,167,125.1341356,171,184
1456764790,15.22000003,167,125.1297685,172,185
1456764790,15.27999997,167,125.1297685,173,186
1456764790,15.33999991,167,125.1253809,174,187
1456764790,15.4000001,167,125.1165436,175,188
1456764790,15.46000004,167,125.1165436,176,189
1456764791,15.51999998,167,125.1076227,177,190
1456764791,15.57999992,167,125.1076227,178,191
1456764791,15.63999987,167,125.1031305,179,192
1456764791,15.70000005,167,125.0940817,180,193
1456764791,15.75999999,167,125.0895249,180,193
1456764791,15.81999993,167,125.0895249,182,195
1456764791,15.87999988,167,125.0803456,183,196
1456764791,15.94000006,167,125.0757228,184,197
1456764791,16,167,125.0757228,185,198
1456764791,16.05999994,167,125.0710777,186,199
1456764791,16.11999989,167,125.0617199,187,200
1456764791,16.18000007,167,125.0617199,188,201
1456764791,16.24000001,167,125.0570068,189,202
1456764791,16.29999995,167,125.0522708,190,203
1456764791,16.3599999,167,125.0475117,190,203
1456764791,16.42000008,167,125.0379233,192,205
1456764791,16.48000002,167,125.0330937,193,206
1456764792,16.53999996,167,125.0330937,193,206
1456764792,16.5999999,167,125.0233628,195,208
1456764792,16.66000009,167,125.0233628,196,209
1456764792,16.72000003,167,125.0184612,197,210
1456764792,16.77999997,167,125.0085847,198,211
1456764792,16.83999991,167,125.0036095,199,212
1456764792,16.9000001,167,125.0036095,200,213
1456764792,16.96000004,167,124.9986093,201,214
1456764792,17.01999998,167,124.9885334,202,215
1456764792,17.07999992,167,124.9885334,203,216
1456764792,17.13999987,167,124.9834574,204,217
1456764792,17.20000005,167,124.973228,205,218
1456764792,17.25999999,167,124.973228,206,219
1456764792,17.31999993,167,124.9680743,207,220
1456764792,17.37999988,167,124.9628944,208,221
1456764792,17.44000006,167,124.957688,209,222
1456764792,17.5,167,124.9471949,210,223
1456764793,17.55999994,167,124.9471949,211,224
1456764793,17.61999989,167,124.9419078,212,225
1456764793,17.68000007,167,124.9365934,213,226
1456764793,17.74000001,167,124.9258819,214,227
1456764793,17.79999995,167,124.9258819,215,228
1456764793,17.8599999,167,124.9150587,216,229
1456764793,17.92000008,167,124.9096046,217,230
1456764793,17.98000002,167,124.9096046,218,231
1456764793,18.03999996,167,124.9041219,219,232
1456764793,18.0999999,167,124.8930698,220,233
1456764793,18.16000009,167,124.8930698,221,234
1456764793,18.22000003,167,124.8874999,222,235
1456764793,18.27999997,167,124.8819005,223,236
1456764793,18.33999991,167,124.8762714,224,237
1456764793,18.4000001,167,124.8649229,225,238
1456764793,18.46000004,167,124.8649229,226,239
1456764794,18.51999998,167,124.8534525,227,240
1456764794,18.57999992,167,124.847671,228,241
1456764794,18.63999987,167,124.8418582,229,242
1456764794,18.70000005,167,124.8418582,230,243
1456764794,18.75999999,167,124.836014,231,244
1456764794,18.81999993,167,124.8242301,232,245
1456764794,18.87999988,167,124.8242301,232,245
1456764794,18.94000006,167,124.8182899,234,247
1456764794,19,167,124.8063116,235,248
1456764794,19.05999994,167,124.8063116,235,248
1456764794,19.11999989,167,124.7942012,237,250
1456764794,19.18000007,167,124.7880957,238,251
1456764794,19.24000001,167,124.7880957,239,252
1456764794,19.29999995,167,124.7819563,239,252
1456764794,19.3599999,167,124.7695748,241,254
1456764794,19.42000008,167,124.7695748,242,255
1456764794,19.48000002,167,124.7570543,243,256
1456764795,19.53999996,167,124.7570543,244,257
1456764795,19.5999999,167,124.7443924,245,258
1456764795,19.66000009,167,124.7380078,246,259
1456764795,19.72000003,167,124.7315869,247,260
1456764795,19.77999997,167,124.7315869,248,261
1456764795,19.83999991,167,124.7251294,249,262
1456764795,19.9000001,167,124.7121036,250,263
1456764795,19.96000004,167,124.7121036,251,264
1456764795,20.01999998,167,124.7055347,252,265
1456764795,20.07999992,167,124.6922829,253,266
1456764795,20.13999987,167,124.6922829,254,267
1456764795,20.20000005,167,124.6922829,254,267
1456764795,20.25999999,167,124.6721159,256,269
1456764795,20.31999993,167,124.6721159,257,270
1456764795,20.37999988,167,124.665315,258,271
1456764795,20.44000006,167,124.6515933,259,272
1456764795,20.5,167,124.6515933,260,273
1456764796,20.55999994,167,124.6377095,261,274
1456764796,20.61999989,167,124.6377095,262,275
1456764796,20.68000007,167,124.6307058,263,276
1456764796,20.74000001,167,124.6165732,263,276
1456764796,20.79999995,167,124.6094435,265,278
1456764796,20.8599999,167,124.6094435,266,279
1456764796,20.92000008,167,124.602271,267,280
1456764796,20.98000002,167,124.5877962,268,281
1456764796,21.03999996,167,124.5877962,268,281
1456764796,21.0999999,167,124.5804931,270,283
1456764796,21.16000009,167,124.5731457,271,284
1456764796,21.22000003,167,124.5657535,271,284
1456764796,21.27999997,167,124.5508332,273,286
1456764796,21.33999991,167,124.5433043,274,287
1456764796,21.4000001,167,124.5433043,275,288
1456764796,21.46000004,167,124.5281067,275,288
1456764797,21.51999998,167,124.5281067,277,290
1456764797,21.57999992,167,124.5204373,278,291
1456764797,21.63999987,167,124.5049547,279,292
1456764797,21.70000005,167,124.4971407,279,292
1456764797,21.75999999,167,124.4971407,281,294
1456764797,21.81999993,167,124.4892776,282,295
1456764797,21.87999988,167,124.4734024,283,296
1456764797,21.94000006,167,124.4734024,284,297
1456764797,22,167,124.4653893,285,298
1456764797,22.05999994,167,124.4573252,286,299
1456764797,22.11999989,167,124.4492096,286,299
1456764797,22.18000007,167,124.4328221,287,300
1456764797,22.24000001,167,124.4328221,288,301
1456764797,22.29999995,167,124.4162228,290,303
1456764797,22.3599999,167,124.4078424,291,304
1456764797,22.42000008,167,124.3994075,292,305
1456764797,22.48000002,167,124.3994075,293,306
1456764798,22.53999996,167,124.3909175,294,307
1456764798,22.5999999,167,124.3737702,295,308
1456764798,22.66000009,167,124.3737702,295,308
1456764798,22.72000003,167,124.3651118,297,310
1456764798,22.77999997,167,124.3563962,298,311
1456764798,22.83999991,167,124.3476227,299,312
1456764798,22.9000001,167,124.3476227,299,312
1456764798,22.96000004,167,124.3209494,301,314
1456764798,23.01999998,167,124.3209494,302,315
1456764798,23.07999992,167,124.3028673,303,316
1456764798,23.13999987,167,124.3028673,304,317
1456764798,23.20000005,167,124.2937344,305,318
1456764798,23.25999999,167,124.2752819,306,319
1456764798,23.31999993,167,124.265961,307,320
1456764798,23.37999988,167,124.265961,308,321
1456764798,23.44000006,167,124.2471266,309,322
1456764798,23.5,167,124.2376119,310,323
1456764799,23.55999994,167,124.2376119,311,324
1456764799,23.61999989,167,124.2280311,312,325
1456764799,23.68000007,167,124.2086689,313,326
1456764799,23.74000001,167,124.2086689,314,327
1456764799,23.79999995,167,124.1988861,315,328
1456764799,23.8599999,167,124.1890344,316,329
1456764799,23.92000008,167,124.1791133,316,329
1456764799,23.98000002,167,124.1590595,318,331
1456764799,24.03999996,167,124.1489253,319,332
1456764799,24.0999999,167,124.1489253,320,333
1456764799,24.16000009,167,124.1284386,320,333
1456764799,24.22000003,167,124.1284386,322,335
1456764799,24.27999997,167,124.1180845,323,336
1456764799,24.33999991,167,124.1076555,324,337
1456764799,24.4000001,167,124.0971508,325,338
1456764799,24.46000004,167,124.0759108,326,339
1456764800,24.51999998,167,124.0759108,326,339
1456764800,24.58999991,167,124.0543579,327,340
1456764800,24.63999987,167,124.0543579,328,341
1456764800,24.70000005,167,124.032485,329,342
1456764800,24.75999999,167,124.0214264,330,343
1456764800,24.82999992,167,124.0102851,331,344
1456764800,24.88999987,167,123.9990601,332,345
1456764800,24.95000005,167,123.9877506,334,347
1456764800,25.00999999,167,123.9877506,335,348
1456764800,25.06999993,167,123.964874,336,349
1456764800,25.12999988,167,123.9533049,336,349
1456764800,25.19000006,167,123.9533049,338,351
1456764800,25.25,167,123.9299004,339,352
1456764800,25.30999994,167,123.9180628,340,353
1456764800,25.36999989,167,123.9180628,340,353
1456764800,25.43000007,167,123.8941118,341,354
1456764800,25.49000001,167,123.8819962,342,355
1456764801,25.54999995,167,123.8697858,343,356
1456764801,25.6099999,167,123.8697858,344,357
1456764801,25.67000008,167,123.8450759,346,359
1456764801,25.73000002,167,123.8325741,346,359
1456764801,25.78999996,167,123.819973,347,360
1456764801,25.8499999,167,123.8072712,349,362
1456764801,25.91000009,167,123.8072712,350,363
1456764801,25.97000003,167,123.781561,351,364
1456764801,26.02999997,167,123.76855,351,364
1456764801,26.08999991,167,123.7554335,353,366
1456764801,26.1500001,167,123.7554335,353,366
1456764801,26.21000004,167,123.7288786,355,368
1456764801,26.26999998,167,123.7288786,355,368
1456764801,26.32999992,167,123.7154376,357,370
1456764801,26.38999987,167,123.7018857,358,371
1456764801,26.45000005,167,123.6882216,358,371
1456764801,26.50999999,167,123.6605511,359,372
1456764802,26.56999993,167,123.6465418,361,374
1456764802,26.62999988,167,123.6465418,361,374
1456764802,26.69000006,167,123.6181678,362,375
1456764802,26.75,167,123.6181678,364,377
1456764802,26.80999994,167,123.6038001,365,378
1456764802,26.86999989,167,123.5746955,366,379
1456764802,26.93000007,167,123.5746955,366,379
1456764802,26.99000001,167,123.5450881,367,380
1456764802,27.04999995,167,123.5300918,369,382
1456764802,27.1099999,167,123.5300918,370,383
1456764802,27.17000008,167,123.5149647,371,384
1456764802,27.23000002,167,123.4997053,372,385
1456764802,27.28999996,167,123.4843118,373,386
1456764802,27.3499999,167,123.4531151,374,387
1456764802,27.41000009,167,123.4373084,375,388
1456764802,27.47000003,167,123.4373084,376,389
1456764803,27.52999997,167,123.4213603,377,390
1456764803,27.58999991,167,123.4052688,378,391
1456764803,27.6500001,167,123.389032,379,392
1456764803,27.71000004,167,123.389032,379,392
1456764803,27.76999998,167,123.3394303,381,394
1456764803,27.82999992,167,123.3394303,381,394
1456764803,27.88999987,167,123.3055989,382,395
1456764803,27.95000005,167,123.2884478,384,397
1456764803,28.00999999,167,123.2884478,385,398
1456764803,28.06999993,167,123.2711368,386,399
1456764803,28.12999988,167,123.2536637,386,399
1456764803,28.19000006,167,123.2182219,387,400
1456764803,28.25,167,123.2182219,389,402
1456764803,28.30999994,167,123.2002486,389,402
1456764803,28.36999989,167,123.1637848,391,404
1456764803,28.43000007,167,123.1637848,392,405
1456764803,28.49000001,167,123.1452894,392,405
1456764804,28.54999995,167,123.1077588,394,407
1456764804,28.6099999,167,123.1077588,394,407
1456764804,28.67000008,167,123.0887183,396,409
1456764804,28.73000002,167,123.0694908,397,410
1456764804,28.78999996,167,123.0500734,397,410
1456764804,28.8499999,167,123.0106578,399,412
1456764804,28.91000009,167,123.0106578,400,413
1456764804,28.97000003,167,122.9906538,401,414
1456764804,29.02999997,167,122.9704484,402,415
1456764804,29.08999991,167,122.9294208,403,416
1456764804,29.1500001,167,122.9294208,404,417
1456764804,29.21000004,167,122.8875498,405,418
1456764804,29.26999998,167,122.86629,406,419
1456764804,29.32999992,167,122.86629,407,420
1456764804,29.38999987,167,122.8448094,407,420
1456764804,29.45000005,167,122.8011719,409,422
1456764804,29.50999999,167,122.8011719,409,422
1456764805,29.56999993,167,122.779008,411,424
1456764805,29.62999988,167,122.7339714,412,425
1456764805,29.69000006,167,122.7339714,413,426
1456764805,29.75,167,122.6879643,414,427
1456764805,29.80999994,167,122.6879643,415,428
1456764805,29.86999989,167,122.6645869,416,429
1456764805,29.93000007,167,122.6170642,417,430
1456764805,29.99000001,167,122.6170642,417,430
1456764805,30.04999995,167,122.5684892,419,432
1456764805,30.1099999,167,122.5437961,420,433
1456764805,30.17000008,167,122.5437961,421,434
1456764805,30.23000002,167,122.5188265,422,435
1456764805,30.28999996,167,122.4935759,423,436
1456764805,30.3499999,167,122.442212,424,437
1456764805,30.41000009,167,122.442212,425,438
1456764805,30.47000003,167,122.416089,426,439
1456764806,30.52999997,167,122.3629351,427,440
1456764806,30.58999991,167,122.3358937,427,440
1456764806,30.6500001,167,122.3358937,428,441
1456764806,30.71000004,167,122.2808547,430,443
1456764806,30.76999998,167,122.2808547,430,443
1456764806,30.82999992,167,122.2528457,431,444
1456764806,30.88999987,167,122.2245027,433,446
1456764806,30.95000005,167,122.1958196,433,446
1456764806,31.00999999,167,122.1374084,435,448
1456764806,31.06999993,167,122.1076676,436,449
1456764806,31.12999988,167,122.1076676,437,450
1456764806,31.19000006,167,122.0775611,438,451
1456764806,31.25,167,122.0162242,439,452
1456764806,31.30999994,167,122.0162242,440,453
1456764806,31.36999989,167,121.9533415,441,454
1456764806,31.43000007,167,121.921302,442,455
1456764806,31.49000001,167,121.921302,443,456
1456764807,31.54999995,167,121.8888537,443,456
1456764807,31.6099999,167,121.8559887,445,458
1456764807,31.67000008,167,121.8226988,446,459
1456764807,31.73000002,167,121.7548114,446,459
1456764807,31.78999996,167,124.349933,446,461
1456764807,31.8499999,167,126.9535761,447,462
1456764807,31.91000009,167,126.9535761,448,463
1456764807,31.97000003,167,126.9529547,449,464
1456764807,32.02999997,167,126.9526378,450,465
1456764807,32.08999991,167,126.9526378,451,466
1456764807,32.1500001,167,126.9519908,451,466
1456764807,32.21000004,167,126.9516607,452,467
1456764807,32.26999998,167,126.9516607,453,468
1456764807,32.33999991,167,126.9509866,455,470
1456764807,32.4000001,167,126.9506425,456,471
1456764807,32.45000005,167,126.9502935,457,472
1456764807,32.50999999,167,126.9499395,458,473
1456764808,32.57999992,167,126.9495804,458,473
1456764808,32.63999987,167,126.9492162,460,475
1456764808,32.70000005,167,126.9488467,461,476
1456764808,32.75999999,167,126.9484717,462,477
1456764808,32.81999993,167,126.9484717,463,478
1456764808,32.87999988,167,126.947705,464,479
1456764808,32.94000006,167,126.9473131,464,479
1456764808,33,167,126.9473131,466,481
1456764808,33.05999994,167,126.9469152,467,482
1456764808,33.11999989,167,126.9461012,468,483
1456764808,33.18000007,167,126.9456847,469,484
1456764808,33.24000001,167,126.9452618,470,485
1456764808,33.29999995,167,126.9448322,471,486
1456764808,33.3599999,167,126.9443958,472,487
1456764808,33.42000008,167,126.9439525,473,488
1456764808,33.48000002,167,126.943502,474,489
1456764809,33.53999996,167,126.9430443,475,490
1456764809,33.5999999,167,126.942579,476,491
1456764809,33.66000009,167,126.9421061,477,492
1456764809,33.72000003,167,126.9416254,478,493
1456764809,33.77999997,167,126.9411365,479,494
1456764809,33.83999991,167,126.9406395,480,495
1456764809,33.9000001,167,126.9406395,481,496
1456764809,33.96000004,167,126.9396197,482,497
1456764809,34.01999998,167,126.9390966,483,498
1456764809,34.07999992,167,126.9385643,484,499
1456764809,34.13999987,167,126.9380227,485,500
1456764809,34.20000005,167,126.9374714,486,501
1456764809,34.25999999,167,126.9369102,487,502
1456764809,34.31999993,167,126.9363389,488,503
1456764809,34.37999988,167,126.9357571,489,504
1456764809,34.44000006,167,126.9351646,490,505
1456764809,34.5,167,126.934561,491,506
1456764810,34.55999994,167,126.9339461,492,507
1456764810,34.61999989,167,126.9339461,493,508
1456764810,34.68000007,167,126.932681,494,509
1456764810,34.74000001,167,126.9320301,494,509
1456764810,34.79999995,167,126.9320301,496,511
1456764810,34.8599999,167,126.9313664,497,512
1456764810,34.92000008,167,126.9299995,498,513
1456764810,34.98000002,167,126.9292955,499,514
1456764810,35.03999996,167,126.9285771,500,515
1456764810,35.0999999,167,126.927844,501,516
1456764810,35.16000009,167,126.9270956,502,517
1456764810,35.22000003,167,126.9263316,503,518
1456764810,35.27999997,167,126.9255514,504,519
1456764810,35.33999991,167,126.9247545,505,520
1456764810,35.4000001,167,126.9239404,506,521
1456764810,35.46000004,167,126.9231084,507,522
1456764811,35.51999998,167,126.9231084,508,523
1456764811,35.57999992,167,126.9213887,509,524
1456764811,35.63999987,167,126.9204996,510,525
1456764811,35.70000005,167,126.9195903,511,526
1456764811,35.75999999,167,126.9195903,512,527
1456764811,35.81999993,167,126.9177076,513,528
1456764811,35.87999988,167,126.9167329,514,529
1456764811,35.94000006,167,126.9157347,515,530
1456764811,36,167,126.9147124,516,531
1456764811,36.05999994,167,126.9147124,517,532
1456764811,36.11999989,167,126.9125914,518,533
1456764811,36.18000007,167,126.9114908,519,534
1456764811,36.24000001,167,126.9114908,520,535
1456764811,36.29999995,167,126.9092044,521,536
1456764811,36.3599999,167,126.9080164,522,537
1456764811,36.42000008,167,126.9080164,523,538
1456764811,36.48000002,167,126.9055444,524,539
1456764812,36.53999996,167,126.904258,525,540
1456764812,36.5999999,167,126.902936,526,541
1456764812,36.66000009,167,126.901577,527,542
1456764812,36.72000003,167,126.9001794,528,543
1456764812,36.77999997,167,126.8987415,528,543
1456764812,36.83999991,167,126.8972616,530,545
1456764812,36.9000001,167,126.8957378,531,546
1456764812,36.96000004,167,126.8941681,532,547
1456764812,37.01999998,167,126.8941681,533,548
1456764812,37.07999992,167,126.8908826,534,549
1456764812,37.13999987,167,126.8891621,534,549
1456764812,37.20000005,167,126.8873865,536,551
1456764812,37.25999999,167,126.885553,537,552
1456764812,37.31999993,167,126.885553,538,553
1456764812,37.37999988,167,126.8817011,539,554
1456764812,37.44000006,167,126.8796762,540,555
1456764812,37.5,167,126.8775808,541,556
1456764813,37.55999994,167,126.8754111,542,557
1456764813,37.61999989,167,126.8731631,543,558
1456764813,37.68000007,167,126.8708325,544,559
1456764813,37.74000001,167,126.8684147,545,560
1456764813,37.79999995,167,126.8659046,546,561
1456764813,37.8599999,167,126.8659046,547,562
1456764813,37.92000008,167,126.8605857,548,563
1456764813,37.98000002,167,126.8577649,548,563
1456764813,38.03999996,167,126.8577649,550,565
1456764813,38.0999999,167,126.8517662,551,566
1456764813,38.16000009,167,126.8485731,552,567
1456764813,38.22000003,167,126.8452394,553,568
1456764813,38.27999997,167,126.8417555,554,569
1456764813,38.33999991,167,126.8381112,555,570
1456764813,38.4000001,167,126.8342951,556,571
1456764813,38.46000004,167,126.8302948,557,572
1456764814,38.51999998,167,126.8260965,558,573
1456764814,38.57999992,167,126.8234684,559,574
1456764814,38.63999987,167,126.8243626,560,575
1456764814,38.70000005,167,126.8234261,561,576
1456764814,38.75999999,167,126.8243683,561,576
1456764814,38.81999993,167,126.8233791,563,578
1456764814,38.88999987,167,126.8243746,564,579
1456764814,38.94000006,167,126.8233265,565,580
1456764814,39,167,126.8243818,566,581
1456764814,39.06999993,167,126.8232671,567,582
1456764814,39.12999988,167,126.8243898,568,583
1456764814,39.18000007,167,126.8231997,569,584
1456764814,39.24000001,167,126.824399,570,585
1456764814,39.30999994,167,126.8231224,571,586
1456764814,39.36999989,167,126.8244096,572,587
1456764814,39.42000008,167,126.823033,573,588
1456764814,39.48000002,167,126.824422,574,589
1456764815,39.54999995,167,126.824422,575,590
1456764815,39.6099999,167,126.8244366,576,591
1456764815,39.66000009,167,126.8228042,577,592
1456764815,39.72000003,167,126.824454,578,593
1456764815,39.78999996,167,126.8226544,579,594
1456764815,39.8499999,167,126.8226544,580,595
1456764815,39.9000001,167,126.8224703,581,596
1456764815,39.96000004,167,126.8245017,582,597
1456764815,40.02999997,167,126.8222385,583,598
1456764815,40.08999991,167,126.8222385,584,599
1456764815,40.13999987,167,126.8219377,585,600
1456764815,40.20000005,166.1945804,126.8245804,586,601
1456764815,40.25999999,163.6515317,126.8215317,587,602
1456764815,40.32999992,159.8446426,126.8246426,588,603
1456764815,40.38999987,157.3009536,126.8209536,589,604
1456764815,40.44000006,153.4947348,126.8247348,590,605
1456764815,40.5,127,167,591,605
1456764816,40.56999993,127,167,592,605
1456764816,40.62999988,127,167,593,605
1456764816,40.68000007,127,167,594,605
1456764816,40.74000001,127,167,595,605
1456764816,40.80999994,127,167,596,605
1456764816,40.86999989,127,167,597,605
1456764816,40.92000008,127,167,598,605
1456764816,40.98000002,127,167,599,605
1456764816,41.04999995,127,167,600,605
1456764816,41.1099999,127,167,600,605
1456764816,41.16000009,127,167,602,605
1456764816,41.22000003,127,167,603,605
1456764816,41.28999996,128.7940597,167,604,605
1456764816,41.3499999,131.1394561,167,605,605
1456764816,41.4000001,133.4851992,167,606,605
1456764816,41.46000004,135.8314852,167,607,605
1456764817,41.52999997,138.1785108,167,608,605
1456764817,41.58999991,140.5264725,167,609,605
1456764817,41.63999987,140.5264725,167,610,605
1456764817,41.70000005,145.2259905,167,611,605
1456764817,41.75999999,147.5779405,167,612,605
1456764817,41.82999992,149.9316136,167,613,605
1456764817,41.88999987,152.2872068,167,614,605
1456764817,41.95000005,154.6449175,167,615,605
1456764817,42.00999999,157.0049428,167,615,605
1456764817,42.06999993,159.3674802,167,617,605
1456764817,42.12999988,161.7327272,167,618,605
1456764817,42.19000006,161.7327272,167,619,605
1456764817,42.25,166.4721407,167,620,605
1456764817,42.30999994,167,167,621,605
1456764817,42.36999989,167,167,622,605
1456764817,42.43000007,167,167,623,605
1456764817,42.49000001,167,167,624,605
1456764818,42.54999995,167,167,625,605
1456764818,42.6099999,167,167,626,605
1456764818,42.67000008,167,167,627,605
1456764818,42.73000002,167,167,627,605
1456764818,42.78999996,167,167,629,605
1456764818,42.8499999,167,167,630,605
1456764818,42.91000009,167,167,631,605
1456764818,42.97000003,167,167,632,605
1456764818,43.02999997,167,167,633,605
1456764818,43.08999991,167,167,634,605
1456764818,43.1500001,167,167,635,605
1456764818,43.21000004,167,167,636,605
1456764818,43.26999998,167,167,637,605
1456764818,43.32999992,167,167,638,605
1456764818,43.38999987,167,167,639,605
1456764818,43.45000005,167,166.1471457,640,605
1456764818,43.50999999,167,163.6653739,641,605
1456764819,43.56999993,167,161.1762469,642,605
1456764819,43.62999988,167,158.6795874,643,605
1456764819,43.69000006,167,156.1752207,644,605
1456764819,43.75,167,153.6629756,645,605
1456764819,43.80999994,167,151.1426844,646,605
1456764819,43.86999989,167,148.6141833,647,605
1456764819,43.93000007,167,146.0773128,648,605
1456764819,43.99000001,167,143.5319178,649,605
1456764819,44.04999995,167,140.9778485,650,605
1456764819,44.1099999,167,138.4149604,651,605
1456764819,44.17000008,167,135.8431146,652,605
1456764819,44.23000002,167,133.2621788,653,605
1456764819,44.28999996,167,130.6720271,654,605
1456764819,44.3499999,167,130.6720271,655,605
1456764819,44.41000009,167,125.4636094,656,605
1456764819,44.47000003,167,122.8451297,656,605
1456764820,44.52999997,167,122.8451297,658,605
1456764820,44.58999991,167,117.5791586,659,605
1456764820,44.6500001,167,114.9315072,660,605
1456764820,44.71000004,167,112.2739885,660,605
1456764820,44.76999998,167,109.6065485,662,605
1456764820,44.82999992,167,106.9291444,663,605
1456764820,44.88999987,167,104.2417456,664,605
1456764820,44.95000005,167,101.5443336,665,605
1456764820,45.00999999,167,98.83690331,666,605
1456764820,45.06999993,167,98.83690331,667,605
1456764820,45.12999988,167,93.39203489,668,606
1456764820,45.19000006,167,93.14165542,669,607
1456764820,45.25,167,92.88774278,670,608
1456764820,45.30999994,167,92.63022677,671,609
1456764820,45.36999989,167,92.63022677,671,610
1456764820,45.43000007,167,94.84980239,671,611
1456764820,45.49000001,167,97.33912917,671,612
1456764821,45.54999995,167,99.83721792,671,613
1456764821,45.6099999,167,99.83721792,671,614
1456764821,45.67000008,167,104.8604739,671,615
1456764821,45.73000002,167,107.3860283,671,616
1456764821,45.78999996,167,107.3860283,671,617
1456764821,45.8499999,167,112.4659263,671,618
1456764821,45.91000009,167,115.0206298,671,619
1456764821,45.97000003,167,117.5854004,671,619
1456764821,46.02999997,167,120.1604035,671,621
1456764821,46.08999991,167,122.7457978,671,622
1456764821,46.1500001,167,125.3417344,671,623
1456764821,46.21000004,167,127.9483565,671,624
1456764821,46.26999998,167,130.5657989,671,625
1456764821,46.32999992,167,133.1941869,671,626
1456764821,46.38999987,167,133.1941869,671,627
1456764821,46.45000005,167,138.4842511,671,628
1456764821,46.50999999,167,141.1461257,671,629
1456764822,46.56999993,167,141.1461257,671,630
1456764822,46.62999988,167,146.5039672,672,631
1456764822,46.69000006,167,146.6698577,673,632
1456764822,46.75,167,146.8385369,673,632
1456764822,46.80999994,167,147.0100744,675,634
1456764822,46.86999989,167,147.1845418,676,635
1456764822,46.93000007,167,147.3620133,677,636
1456764822,46.99000001,167,147.5425652,678,637
1456764822,47.04999995,167,147.7262766,679,638
1456764822,47.1099999,167,147.7262766,680,638
1456764822,47.17000008,167,145.3940757,681,638
1456764822,47.23000002,167,142.8640299,682,638
1456764822,47.28999996,167,142.8640299,683,638
1456764822,47.3499999,167,137.7703784,684,638
1456764822,47.41000009,167,135.2063442,685,638
1456764822,47.47000003,167,132.6305624,686,638
1456764823,47.52999997,167,130.0428351,687,638
1456764823,47.58999991,167,127.4429721,688,638
1456764823,47.6500001,167,124.8307922,689,638
1456764823,47.71000004,167,122.2061231,690,638
1456764823,47.76999998,167,119.5688031,691,638
1456764823,47.82999992,167,116.9186813,692,638
1456764823,47.88999987,167,114.2556191,693,639
1456764823,47.95000005,167,114.1314606,694,640
1456764823,48.00999999,167,114.0048802,695,641
1456764823,48.06999993,167,113.875807,696,642
1456764823,48.12999988,167,113.875807,697,643
1456764823,48.19000006,167,113.6098845,698,644
1456764823,48.25,167,113.4728789,699,645
1456764823,48.30999994,167,113.4728789,700,646
1456764823,48.36999989,167,113.1903648,701,647
1456764823,48.43000007,167,113.0446803,702,648
1456764823,48.49000001,167,112.8959208,703,649
1456764824,48.54999995,167,112.743989,704,650
1456764824,48.6099999,167,112.5887833,704,651
1456764824,48.67000008,167,115.1250767,704,652
1456764824,48.73000002,167,117.6748556,705,653
1456764824,48.78999996,167,117.5707726,705,654
1456764824,48.8499999,167,117.5707726,705,655
1456764824,48.91000009,167,122.7098855,705,656
1456764824,48.97000003,167,125.300991,705,657
1456764824,49.02999997,167,127.9068189,705,658
1456764824,49.08999991,167,130.5276257,705,659
1456764824,49.1500001,167,133.1636575,706,660
1456764824,49.21000004,167,133.2357592,707,661
1456764824,49.26999998,167,133.3095642,708,662
1456764824,49.32999992,167,133.3851335,709,663
1456764824,49.38999987,167,133.3851335,710,664
1456764824,49.45000005,167,133.5418238,711,665
1456764824,49.50999999,167,133.6230821,712,666
1456764825,49.56999993,167,133.7063798,713,667
1456764825,49.62999988,167,133.7917944,714,668
1456764825,49.69000006,167,133.8794076,715,669
1456764825,49.75,167,133.969305,716,670
1456764825,49.80999994,167,134.0615769,717,671
1456764825,49.87999988,167,134.1563184,718,672
1456764825,49.93000007,167,134.2536298,719,673
1456764825,50,167,134.3536168,720,674
1456764825,50.05999994,167,134.4563909,721,675
1456764825,50.11999989,167,134.4563909,722,676
1456764825,50.18000007,167,134.6707785,723,677
1456764825,50.24000001,167,134.7826483,724,678
1456764825,50.29999995,167,134.8978188,725,679
1456764825,50.3599999,167,135.0164379,726,680
1456764825,50.42000008,167,135.1386623,727,681
1456764825,50.48000002,167,135.2646582,728,682
1456764826,50.53999996,167,135.3946023,729,683
1456764826,50.5999999,167,135.5286824,730,684
1456764826,50.66000009,167,135.6670985,731,684
1456764826,50.72000003,167,133.1192765,732,684
1456764826,50.77999997,167,130.5509575,733,684
1456764826,50.83999991,167,130.5509575,734,684
1456764826,50.9000001,167,125.3506253,735,685
1456764826,50.96000004,167,125.3224355,736,686
1456764826,51.01999998,167,125.3224355,737,687
1456764826,51.07999992,167,125.2932654,738,688
1456764826,51.13999987,167,125.2317729,739,689
1456764826,51.20000005,167,125.1993347,740,690
1456764826,51.25999999,167,125.1656844,741,691
1456764826,51.31999993,167,125.1307526,742,692
1456764826,51.37999988,167,125.0944649,743,693
1456764826,51.44000006,167,125.0567406,744,694
1456764826,51.5,167,125.0174927,745,695
1456764827,51.55999994,167,125.0174927,746,696
1456764827,51.61999989,167,124.9340418,747,697
1456764827,51.68000007,167,124.8896258,748,698
1456764827,51.74000001,167,124.8432584,749,699
1456764827,51.79999995,167,124.7948084,750,700
1456764827,51.8599999,167,124.744132,750,700
1456764827,51.92000008,167,124.6910724,752,702
1456764827,51.98000002,167,124.6354574,753,703
1456764827,52.03999996,167,124.5770979,754,704
1456764827,52.0999999,167,124.5406278,755,705
1456764827,52.16000009,167,124.5532392,756,706
1456764827,52.22000003,167,124.5403577,757,707
1456764827,52.27999997,167,124.5536548,758,708
1456764827,52.33999991,167,124.5400623,759,709
1456764827,52.4000001,167,124.5541243,760,710
1456764827,52.46000004,167,124.5541243,761,711
1456764828,52.51999998,167,124.5546587,762,712
1456764828,52.57999992,167,124.539381,763,713
1456764828,52.63999987,167,124.5552724,764,714
1456764828,52.70000005,167,124.5552724,765,715
1456764828,52.75999999,167,124.555984,766,716
1456764828,52.81999993,167,124.5385474,767,717
1456764828,52.87999988,167,124.5568186,768,718
1456764828,52.94000006,167,124.5380583,769,719
1456764828,53,167,124.5578104,770,720
1456764828,53.05999994,167,124.5375109,771,721
1456764828,53.11999989,167,124.5590073,772,722
1456764828,53.18000007,167,124.5590073,773,723
1456764828,53.24000001,167,124.5604786,774,724
1456764828,53.29999995,167,124.5362068,775,725
1456764828,53.3599999,167,124.5623277,776,726
1456764828,53.42000008,167,124.5354346,777,727
1456764828,53.48000002,167,124.5647158,778,728
1456764829,53.53999996,167,124.5345808,779,729
1456764829,53.5999999,167,124.5679081,780,730
1456764829,53.66000009,167,124.533669,781,731
1456764829,53.72000003,163.9423693,124.5723693,782,732
1456764829,53.77999997,161.362787,124.532787,783,733
1456764829,53.83999991,157.5989871,124.5789871,784,734
1456764829,53.9000001,157.5989871,124.5789871,785,735
1456764829,53.96000004,127,87,785,736
1456764829,54.01999998,127,87,785,737
1456764829,54.07999992,127,87,785,738
1456764829,54.13999987,127,87,785,739
1456764829,54.20000005,127,87,785,740
1456764829,54.25999999,127,87,785,741
1456764829,54.31999993,127,87,785,742
1456764829,54.37999988,127,87,785,743
1456764829,54.44000006,127,87,785,744
1456764829,54.5,127,87,785,745
1456764830,54.55999994,127,87,785,746
1456764830,54.61999989,127,87,785,747
1456764830,54.68000007,127,87,785,748
1456764830,54.74000001,127,87,785,749
1456764830,54.79999995,127,87,785,750
1456764830,54.8599999,127,87,785,751
1456764830,54.92000008,127,87,785,752
1456764830,54.98000002,127,87,785,753
1456764830,55.03999996,127,87,785,754
1456764830,55.0999999,127,87,785,755
1456764830,55.16000009,127,87,785,756
1456764830,55.22000003,127,87,785,757
1456764830,55.27999997,127,87,785,758
1456764830,55.33999991,127,87,785,759
1456764830,55.4000001,127,87,785,760
1456764830,55.46000004,127,87,785,761
1456764831,55.51999998,127,87,785,762
1456764831,55.57999992,127,87,785,763
1456764831,55.63999987,127,87,785,764
1456764831,55.70000005,127,87,785,765
1456764831,55.75999999,127,87,785,766
1456764831,55.81999993,127,87,785,766
1456764831,55.87999988,127,87,785,768
1456764831,55.94000006,127,87,785,769
1456764831,56,127,87,785,770
1456764831,56.05999994,127,87,785,771
1456764831,56.11999989,127,87,785,772
1456764831,56.18000007,127.8943322,87,785,773
1456764831,56.24000001,130.1995654,87,785,774
1456764831,56.29999995,132.5050955,87,785,775
1456764831,56.3599999,134.8111365,87,785,776
1456764831,56.42000008,137.1179025,87,785,777
1456764831,56.48000002,137.1179025,87,785,778
1456764832,56.53999996,141.7344669,87,785,779
1456764832,56.5999999,144.0446947,87,785,780
1456764832,56.66000009,144.0446947,87,785,781
1456764832,56.72000003,148.6701167,87,785,782
1456764832,56.77999997,150.9857423,87,785,783
1456764832,56.83999991,153.3035992,87,785,784
1456764832,56.9000001,155.6239042,87,785,785
1456764832,56.96000004,155.6239042,87,785,786
1456764832,57.01999998,160.2727281,87,785,787
1456764832,57.07999992,162.6016832,87,785,788
1456764832,57.13999987,167,87,785,789
1456764832,57.20000005,167,87,785,790
1456764832,57.25999999,167,87,785,791
1456764832,57.31999993,167,87,785,792
1456764832,57.37999988,167,87,785,793
1456764832,57.44000006,167,87,785,794
1456764832,57.5,167,87,785,795
1456764833,57.55999994,167,87,785,796
1456764833,57.61999989,167,87,785,797
1456764833,57.68000007,167,87,785,798
1456764833,57.74000001,167,87,785,799
1456764833,57.79999995,167,87,785,800
1456764833,57.8599999,167,87,785,801
1456764833,57.92000008,167,87,785,802
1456764833,57.98000002,167,87,785,803
1456764833,58.03999996,167,87,785,804
1456764833,58.0999999,167,87,785,805
1456764833,58.16000009,167,87,785,806
1456764833,58.22000003,167,87,785,807
1456764833,58.27999997,167,87,785,808
1456764833,58.33999991,167,87,785,809
1456764833,58.4000001,167,88.07207724,785,810
1456764833,58.46000004,167,90.53372304,785,811
1456764834,58.51999998,167,93.00380992,785,812
1456764834,58.57999992,167,95.48255348,785,813
1456764834,58.63999987,167,97.97016699,785,814
1456764834,58.70000005,167,100.466861,785,815
1456764834,58.75999999,167,100.466861,785,816
1456764834,58.81999993,167,105.4883175,785,817
1456764834,58.87999988,167,108.0134843,785,818
1456764834,58.94000006,167,110.5485395,785,819
1456764834,59,167,113.0936742,785,820
1456764834,59.05999994,167,115.6490744,785,821
1456764834,59.11999989,167,118.21492,785,822
1456764834,59.18000007,167,120.7913848,785,823
1456764834,59.24000001,167,123.3786356,785,824
1456764834,59.29999995,167,125.9768313,785,825
1456764834,59.3599999,167,128.586123,785,826
1456764834,59.42000008,167,131.2066527,785,827
1456764834,59.48000002,167,131.2066527,785,828
1456764835,59.53999996,167,136.4819453,785,829
1456764835,59.5999999,167,139.1369416,785,830
1456764835,59.66000009,167,141.8036407,785,831
1456764835,59.72000003,167,144.4821293,785,832
1456764835,59.77999997,167,147.1724809,785,833
1456764835,59.83999991,167,149.8747545,785,834
1456764835,59.9000001,167,152.5889943,785,835
1456764835,59.96000004,167,155.3152287,785,836
1456764835,60.01999998,167,158.0534692,785,837
1456764835,60.07999992,167,160.8037103,785,838
1456764835,60.13999987,167,163.5659281,786,839
1456764835,60.20000005,167,163.8887558,787,840
1456764835,60.25999999,167,164.2169231,788,841
1456764835,60.31999993,167,164.5505526,789,841
1456764835,60.37999988,167,164.5505526,790,841
1456764835,60.44000006,167,162.1059134,791,841
1456764835,60.5,167,157.1872968,792,841
1456764836,60.55999994,167,154.7128037,793,841
1456764836,60.61999989,167,152.2278464,794,841
1456764836,60.68000007,167,149.7321719,795,841
1456764836,60.74000001,167,147.2255301,796,841
1456764836,60.79999995,167,144.7076738,797,841
1456764836,60.8599999,167,142.1783601,798,841
1456764836,60.92000008,167,142.1783601,799,841
1456764836,60.98000002,167,137.0844102,800,841
1456764836,61.03999996,167,134.5193125,801,841
1456764836,61.0999999,167,131.9418353,802,841
1456764836,61.16000009,167,129.3517644,803,841
1456764836,61.22000003,167,126.7488933,804,841
1456764836,61.27999997,167,124.1330246,805,841
1456764836,61.33999991,167,121.5039705,806,841
1456764836,61.4000001,167,118.861554,807,841
1456764836,61.46000004,167,116.2056095,808,841
1456764837,61.51999998,167,113.5359845,809,841
1456764837,61.57999992,167,110.8525398,810,841
1456764837,61.63999987,167,110.8525398,811,841
1456764837,61.70000005,167,105.4437109,812,842
1456764837,61.75999999,167,105.220669,813,843
1456764837,61.81999993,167,104.993079,814,844
1456764837,61.87999988,167,104.7608039,815,845
1456764837,61.94000006,167,104.5237016,816,846
1456764837,62,167,104.2816242,817,847
1456764837,62.06999993,167,104.0344179,818,848
1456764837,62.12999988,167,103.7819229,818,849
1456764837,62.18000007,167,106.268747,818,850
1456764837,62.24000001,167,108.7684591,818,851
1456764837,62.30999994,167,111.2813719,818,852
1456764837,62.36999989,167,113.807795,818,853
1456764837,62.42000008,167,113.807795,818,854
1456764837,62.48000002,167,118.9023928,818,855
1456764838,62.54999995,167,121.4711659,818,856
1456764838,62.6099999,167,124.0546444,818,857
1456764838,62.66000009,167,126.6531117,818,858
1456764838,62.72000003,167,129.2668426,818,859
1456764838,62.78999996,167,131.8961028,818,860
1456764838,62.8499999,167,134.541147,818,861
1456764838,62.9000001,167,137.202218,818,862
1456764838,62.96000004,167,139.8795452,818,863
1456764838,63.02999997,167,142.5733433,819,864
1456764838,63.08999991,167,142.7636305,820,865
1456764838,63.1500001,167,142.9585641,821,866
1456764838,63.21000004,167,143.158314,822,867
1456764838,63.26999998,167,143.5729844,823,868
1456764838,63.32999992,167,143.5729844,824,869
1456764838,63.38999987,167,143.7882882,825,870
1456764838,63.45000005,167,143.7882882,826,871
1456764838,63.50999999,167,144.2358642,827,872
1456764839,63.56999993,167,144.4685809,828,873
1456764839,63.62999988,167,144.7075657,829,873
1456764839,63.69000006,167,142.212552,830,873
1456764839,63.75,167,139.7011864,831,873
1456764839,63.80999994,167,137.1730382,832,873
1456764839,63.86999989,167,134.6276778,833,873
1456764839,63.93000007,167,132.0646777,834,873
1456764839,63.99000001,167,132.0646777,835,873
1456764839,64.04999995,167,129.4836138,836,873
1456764839,64.1099999,167,124.2656235,836,873
1456764839,64.17000008,167,121.6278787,838,873
1456764839,64.23000002,167,118.9704367,839,873
1456764839,64.28999996,167,116.2929137,840,874
1456764839,64.3499999,167,116.1313308,841,875
1456764839,64.41000009,167,115.964827,842,876
1456764839,64.47000003,167,115.7931754,843,877
1456764840,64.52999997,167,115.7931754,844,878
1456764840,64.58999991,167,115.4334507,845,879
1456764840,64.6500001,167,115.2448491,846,880
1456764840,64.71000004,167,115.2448491,847,881
1456764840,64.76999998,167,114.848716,848,882
1456764840,65.04999995,167,114.848716,848,882
1456764840,65.1099999,167,114.6405454,849,883
1456764840,65.17000008,167,116.5197111,851,886
1456764840,65.23000002,167,119.0433172,851,887
1456764840,65.28999996,167,121.5895255,851,888
1456764840,65.3499999,167,124.1590317,851,890
1456764840,65.41000009,167,124.1590317,851,890
1456764840,65.47000003,167,126.7525369,851,891
1456764841,65.52999997,167,132.0143632,851,892
1456764841,65.58999991,167,134.6840942,851,893
1456764841,65.6500001,167,134.8369277,852,894
1456764841,65.71000004,167,134.9959439,854,896
1456764841,65.76999998,167,135.1615244,854,896
1456764841,65.82999992,167,135.1615244,855,897
